0,1,2,3,4
El Canto,Burgos,Valle de Manzanedo,ACCIONA ENERGÍA,15.18
El Pulpal,Soria,Hinojosa del Campo. Ólvega y Pozalmuro,ACCIONA ENERGÍA,17.25
El Tablado,Soria,Borobia y Beratón,SISTEMAS ENERGÉTICOS EL MONCAYO. S.L.,19.80
El Toranzo,Soria,Cueva de Agreda y Borobia,HIDROMEDIA,18.00
La Lora,Burgos,La Riba de Valdelucio,MADE TECNOLOGÍAS RENOVABLES. S.A.,0.60
La Torada,Burgos,Merindad de Valdivieso,ACCIONA ENERGÍA,9.24
Peña Alta,Burgos,Merindad de Valdivieso,ACCIONA ENERGÍA,13.20
Sierra del Madero I,Soria,Ólvega y Noviercas,P.E.S. MADERO,14.85
Aldeavieja,Ávila,Sta. Maria del Cubillo,ENEL GREEN POWER ESPAÑA S.L.,14.52
Ávila,Ávila,Ávila y Tornadizos,Parque eólico Altos de Voltoya. S.A.,11.88
Cruz de Hierro,Ávila,Sta. Maria del Cubillo,Parque eólico Altos de Voltoya. S.A.,14.52
El Cerro,Burgos,Valle de Sedano y los Altos de Dobro,S.E. VALLE DE SEDANO. S.A.,19.80
La Mesa,Burgos,Los Altos,BURGALESA,9.00
Ojos Albos,Ávila,Ojos Albos,Parque eólico Altos de Voltoya. S.A.,14.52
Oncala,Soria,Oncala,CETASA,24.75
Pozalmuro I+D,Soria,Pozalmuro,EÓLICA POZALMURO,1.50
Sierra del Madero II,Soria,Ólvega y Noviercas,P.E.S. MADERO,13.86
Aguallal,Zamora,Lubián y Pías,ACCIONA ENERGÍA,11.88
Corral Nuevo,Burgos,Ayoluengo,DYTA,5.28
El Canto Ampliación,Burgos,Valle de Manzanedo,ACCIONA ENERGÍA,5.10
El Pical,Palencia,Barruelo de Santullán. Brañosera y Aguilar de Campoo,ACCIONA ENERGÍA,19.80
El Toranzo Ampliación,Soria,Ólvega y Borobia,HIDROMEDIA,7.26
La Gamoneda,Zamora,Lubián y Hermisende,ACCIONA ENERGÍA,19.80
La Torada Ampliación,Burgos,Merindad de Valdivieso,ACCIONA ENERGÍA,2.55
Magaña,Soria,Oncala,CETASA,24.75
Peña Alta Ampliación,Burgos,Los Altos,ACCIONA ENERGÍA,3.40
San Ciprián,Zamora,Lubián y Hermisende,ACCIONA ENERGÍA,17.85
Sistral,Zamora,Pías y Porto,ACCIONA ENERGÍA,8.50
Villacastín,Segovia,Villacastín y Santa María el Cubillo,Parque eólico Altos de Voltoya. S.A.,14.52
Aerogenerador I+D Gamesa,Zamora,Pías,ACCIONA ENERGÍA,2.00
Aguallal Ampliación I,Zamora,Lubián y Pías,ACCIONA ENERGÍA,2.00
Aguallal Ampliación II,Zamora,Lubián y Pías,ACCIONA ENERGÍA,22.95
Altos de Cartagena,Ávila,Las Navas del Marqués,PE Monte las Navas,21.12
Carrasquillo,Palencia,Astudillo y Pedrosa del Príncipe,IBERDROLA RENOVABLES,49.30
El Cerro Ampliación,Burgos,Valle de Sedano y los Altos de Dobro,ACCIONA ENERGÍA,10.20
La Gamoneda Ampliación,Zamora,Lubián y Hermisende,ACCIONA ENERGÍA,29.75
La Ruya I+D,Palencia,Aguilar del Campoo,BOREAS TECNOLOGÍAS,1.60
Labradas I,Zamora,Villaferrueña y Arrabalde,IBERDROLA RENOVABLES,23.80
Navas del Marqués,Ávila,Las Navas del Marqués,PE Monte las Navas,10.56
Navazuelo,Ávila,Las Navas del Marqués,PE Monte las Navas,17.16
Otero y Peña la Cuesta,Burgos,Los Altos,BURGALESA,4.80
Páramo de Poza I,Burgos,Poza de la Sal,EÓLICAS PÁRAMO DE POZA. S.A.,49.50
Páramo de Poza II,Burgos,Poza de la Sal,EÓLICAS PÁRAMO DE POZA. S.A.,48.74
Castilfrío,Soria,Castilfrio,CETASA,24.75
Cinseiro,Zamora,Lubián,Cinseiro. S.L.,12.00
El Cayo,Soria,Oncala. Huérteles y S.Pedro Manrique,CETASA,24.75
El Manzanal,León,Brazuelo,E.E. DEL BIERZO,33.75
El Navazo Fase I,Burgos,Pedrosa del Príncipe,IBERDROLA RENOVABLES,29.75
El Navazo Fase II,Burgos,Pedrosa del Príncipe y Castrojériz Astudillo,IBERDROLA RENOVABLES,8.80
Hedroso-Aciberos,Zamora,Lubián,Ibereólica Hedroso-Aciberos. S.A.U.,31.45
Labradas I Ampliación,Zamora,Villaferrueña. Arrabalde. Villagería y Alcubilla,IBERDROLA RENOVABLES,12.75
Padornelo,Zamora,Lubián,Ibereólica Hedroso-Aciberos 2. S.A.U.,31.45
Rabinaldo,Burgos,Merindad de rio Ubierna,PARQUES DE GENERACIÓN EÓLICA. S.L.,9.00
San Pedro (Unificado el manzanal),León,Castropodame y Torre,E.E. DEL BIERZO,7.50
Sierra del Cortado,Soria,Tajahuerce y Almenar de Soria,P.E.S. MADERO,18.48
Valbonilla Fase I,Burgos,Castrojériz,IBERDROLA RENOVABLES,4.25
Valbonilla Fase II,Burgos,Castrojériz,IBERDROLA RENOVABLES,6.85
Valmediano,Zamora,Tábara y Faramontanos,IBERDROLA RENOVABLES,34.00
Aerogenerador Experimental G-87 (Lubián),Zamora,Lubián,Ibereólica Investigación y Desarrollo. S.L.,2.00
Chambón Fase 1,Palencia,Astudillo,IBERDROLA RENOVABLES,21.25
Chambón Fase 2,Palencia,Astudillo,IBERDROLA RENOVABLES,11.90
Cruz de Hierro Ampliación,Ávila,Sta. Maria del Cubillo,Parque eólico Altos de Voltoya. S.A.,6.60
El Redondal Fase 1,León,Castropodame y Turienzo Castañero,OLIVENTO. S.L.,14.45
El Teruelo,Palencia,Melgar de Yuso. Villodré y Astudillo,IBERDROLA RENOVABLES,43.35
Hontalbilla I,Soria,Frechilla Almazán. Baraona y Villasayas,IBERDROLA RENOVABLES,36.55
Hontalbilla II,Soria,Adradas y Baraona,IBERDROLA RENOVABLES,28.90
Juno,Soria,Suellacabras. Narros. Magaña y Aracón,Danta de energías. S.A.,49.50
La Magdalena,Burgos,Merindad de Valdeporres y Valle Valdebezana,IBERDROLA RENOVABLES,23.80
La Sía,Burgos,Espinosa de los Monteros,Boreas Eólica 2. S.A.,29.70
Las Aldehuelas,Soria,Aldehuelas. Vizmanos. Arévalo de la Sierra. La Poveda y Sta. Cruz Yanguas,EXPLOTACIONES EÓLICAS ALDEHUELAS. S.L.,47.20
Luna,Soria,Trévago. Fuentestrún. Valdegeña. Matalebreras y Villar del Campo,Danta de energías. S.A.,49.50
Montija,Burgos,Merindad de Montija,GAS NATURAL FENOSA RENOVABLES,30.80
Nerea,Zamora,Requejo y Pedralba de la Pradería,GEZA,39.75
Piedras del Alto,Segovia,Aldeanueva de la Serrezuela. Navares de Enmedio. Navares de las Cuevas y Pradales,ACCIONA ENERGÍA,34.00
Sierro,Soria,Retortillo de Soria,IBERDROLA RENOVABLES,19.55
Urano,Soria,Aldehuelas y Villar del Rio,Danta de energías. S.A.,30.40
Valdeporres,Burgos,Valdeporres y Valdebezana,IBERDROLA RENOVABLES,31.45
Villoruebo,Burgos,Villoruevo,EÓLICA ARLANZÓN. S.A.,16.15
Bordecorex Norte,Soria,Bordecorex,IBERDROLA RENOVABLES,44.35
Canalejas,Soria,Montejo Tiermes y Retortillo,IBERDROLA RENOVABLES,18.70
Dos Picos,Palencia,Magaz de Pisuegra,MADE TECNOLOGÍAS RENOVABLES. S.A.,1.60
Dueñas,Palencia,Costrarroleña,IBERDROLA RENOVABLES,3.40
El Redondal Fase 2,León,Castropodame y Turienzo Castañero,OLIVENTO. S.L.,16.15
Grado,Segovia,Ayllón y Montejo de Tiermes,IBERDROLA RENOVABLES,27.20
La Peñuca,Burgos,Merindad Valdeporres y Merindad Sotoscueva,PARQUE EÓLICO LA PEÑUCA. S.L.,33.00
Lubián (Fase I),Zamora,Lubián,Ibereólica Lubián. S.A.U.,36.00
Montejo de Bricia,Burgos,Alfoz de Bricia,Boreas Eólica 2. S.A.,13.60
Sierra de Dueña,Salamanca,Las Veguillas. Membibre de la Sierra. Frades de la Sierra y Pedrosillo de los Aires,IBERDROLA RENOVABLES,31.45
Tarayuela,Soria,Alentisque. Morón de Almazán. Momblona y Soliedra,Biovent Energía Eólica. S.A.,30.00
Tres picos,Palencia,Magaz de Pisuegra,ENERPAL- Gestión y Mantenimiento Eólico del Norte,2.40
Urbel del Castillo II,Burgos,Huérmeneces. Montorio y Urbel del Castillo,Biovent Energía Eólica. S.A.,50.00
Villamiel,Burgos,Villamiel de la Sierra,EÓLICA ARLANZÓN. S.A.,17.85
Aerogenerador experimental G90,Zamora,Lubián,Ibereólica Investigación y Desarrollo. S.L.,2.00
El Perul,Burgos,Valladiego y Urbel del Castillo,P.E. La Boga. S.L.,49.60
Grijota,Palencia,Monzón de Campos,ENERGÍA DE CASTILLA Y LEÓN. S.A. (ENCALSA),4.98
La Brújula,Burgos,Monasterio de Rodilla y Valle de las Navas,EÓLICA LA BRÚJULA. S.A.,29.75
La Lastra,Burgos,Huérmeces,P.E. La Boga. S.L.,11.69
Llanos de San Martín,Burgos,Quintanavides y Castil de Peones,EÓLICA LA BRÚJULA. S.A.,17.85
Los Campillos,Soria,Almazán. Barca y Velamazán,IBERENOVA PROMOCIONES. S.A.,34.00
Los Castríos,Burgos,Espinosa de los Monteros,Los Castríos. S.A.,26.40
Monasterio de Rodilla,Burgos,Monasterio de Rodilla,EÓLICA LA BRÚJULA. S.A.,11.40
Morón de Almazán,Soria,Morón de Almazán y Adradas,ENERGÍA GLOBAL CASTELLANA,50.00
Valpardo,Ávila,Navalperal del Pinares,ACCIONA ENERGÍA,21.25
Veleta,Burgos,Monasterio de Rodilla. Fresno de Rodilla y Santa María del Invierno,EÓLICA LA BRÚJULA. S.A.,14.45
Alconada,Palencia,Ampudia,ENERGÍAS RENOVABLES DEL DUERO. S.L.,4.50
Alentisque,Soria,Alentisque,PEESA EÓLICA. S.L.,46.50
Argañoso,León,Santa Colomba de Samoza y Torre del Bierzo,ENERGÍA GLOBAL CASTELLANA,22.00
Bureba,Burgos,Monasterio de Rodilla. Galbarros. Briviesca. Santa Olalla de Bureba. Reinoso y Quintanavides,ENERGÍA GLOBAL CASTELLANA,12.00
Cantiruela,Burgos,Valle de Sedano,PRORENER,15.00
Cerro Becerril,León,Lucillo y Sta.Coloma de Somoza,Investigación y Desarrollo de Energías Renovables (IDER),14.40
Cerro Blanco,Burgos,Galbarros. Briviesca. Reinoso y Salinillas del Bureba,ENERGÍA GLOBAL CASTELLANA,42.00
Cuesta Mañera,Palencia,Ampudia,RENOVALIA RESERVE,49.50
El Carril,Burgos,castrojériz y Pedrosa del Príncipe,ENERGÍA GLOBAL CASTELLANA,18.00
El Cuadrón,Palencia,Hornillos de Cerrato y Torquemada,ACCIONA ENERGÍA,22.00
El Pedrón (I+II),León,Santa Coloma de Somoza,Investigación y Desarrollo de Energías Renovables (IDER),43.20
Encinedo,Palencia,Hornillos de Cerrato y Baltanás,ACCIONA ENERGÍA,30.00
Era del Pico,León,Mallonseca. Castropodame y T.Bierzo,Investigación y Desarrollo de Energías Renovables (IDER),11.90
Hornillos,Palencia,Hornillos de Cerrato y Baltanás,ACCIONA ENERGÍA,26.00
La Mallada,León,Lucillo,Investigación y Desarrollo de Energías Renovables (IDER),44.80
La Muñeca,Palencia,Ampudia,RENOVALIA RESERVE,40.50
Las Pardas,Burgos,Valle de Sedano,PRORENER,49.50
Los Angostillos,Palencia,Hornillos de Cerrato y Baltanás,ACCIONA ENERGÍA,28.00
Lubián Ampliación,Zamora,Lubián,Ibereólica Lubián. S.A.U.,14.00
Portelrubio,Soria,Fuentelsaz de Soria y Almarza,SOCIEDAD DE ENERGÍA DE CASTILLA Y LEÓN. S.A. (ENCALSA),4.98
San Lorenzo A,Valladolid,Torrelobatón,Parques eólicos San Lorenzo. S.L.U.,48.75
San Lorenzo B,Valladolid,Torrelobatón. Castromonte. Peñaflor de Hornija. San Pelayo y Torrecilla de la Torre,Parques eólicos San Lorenzo. S.L.U.,39.38
Sombrío,Burgos,Huérmeces y Merindad de Río,ENERGÍA GLOBAL CASTELLANA,28.00
Valdepero,Palencia,Fuentes Valdepero y Palencia,GAS NATURAL FENOSA RENOVABLES,30.00
Villalazán,Zamora,Toro,ENERGÍA DE CASTILLA Y LEÓN. S.A. (ENCALSA),4.98
Zorraquín,Soria,Gomyo y Villaciervos,ACCIONA ENERGÍA,12.00
Bullana,Soria,Arcos de Jalón. Almaluez y Medinaceli,IBERCYL,38.00
El Carril II,Burgos,castrojériz y Pedrosa del Príncipe,IBERCYL,10.00
El Coterejón I,Burgos,Merindad de Valdeporres,Energías Renovables del Bierzo (ERBI),16.20
El Coterejón II,Burgos,Merindad de Vadeporres y Valle de Valdebezana,IBERENOVA PROMOCIONES. S.A.,6.00
El Negredo,Burgos,Merindad de Río Ubierna;  Montorio,Energías Naturales Molinos de Castilla. S.A.,18.00
Hedroso-Aciberos Ampliación,Zamora,Lubián,Ibereólica Hedroso-Aciberos 2. S.A.U.,14.00
La Calzada,Burgos,Montorio,Energías Naturales Molinos de Castilla. S.A.,32.00
La Cotera,Burgos,Merindad de Valdeporres y Valle de Valdebezana,IBERDROLA RENOVABLES CASTILLA Y LEÓN,18.00
La Lora I,Burgos,La Riba de Valdelucio,P.E. La Boga. S.L.,49.60
La Lora II,Burgos,La Riba de Valdelucio,P.E. La Boga. S.L.,49.60
Lodoso,Burgos,Pedrosa del Río Urbel,P.E. La Boga. S.L.,49.50
Los Concejiles,Salamanca,Sorihuela,EÓLICA SORIHUELA. S.L.,11.69
Lucillo,León,Lucillo,Investigación y Desarrollo de Energías Renovables (IDER),17.60
Marmellar,Burgos,Pedrosa del Río Urbel,P.E. Marmellar. S.L.,49.50
Páramo de Vega,Burgos,Valle de Santibáñez y Huérmeces,IBERCYL,18.00
Páramo los Angostillos,Palencia,Hornillos del Cerrato,ACCIONA ENERGÍA,26.00
Radona I,Soria,Adrada y Alcubilla de las Peñas,IBERDROLA RENOVABLES,24.00
Radona II,Soria,Adrada y Alcubilla de las Peñas,IBERDROLA RENOVABLES,32.00
Valbuena,Burgos,Villafranca Montes de Oca y Cerratón de Juarros,ELECDEY,30.40
Becerril,Palencia,Becerril de Campos,EÓLICA DE LAS PEÑAS,6.00
Caramonte,Soria,Medinaceli,Eólica de Medinaceli. S.L.,55.00
Carrascalejo y Monte Alto,Soria,Medinaceli,Eólica de Medinaceli. S.L.,15.00
Castil de Tierra,Soria,Tejado,PEESA,36.00
Celada V,Palencia,Herrera de Valdecañas y Villahán,ACCIONA ENERGÍA,26.00
Cerros de Radona,Soria,Alcubilla de las Peñas y Medinaceli,Eólica de Radona. S.L.,40.00
Dehesa de Tablares,Palencia,Puebla de Valdivia,Recursos eólicos de valdivia,0.85
El Castre,Palencia,Pedraza de Campos y Torremormojón,ELECDEY,25.60
El Hierro,Zamora,Olmillos de Castro y Santa Eufemia del Barco,GEZA,22.40
Espina,León,La Espina,Parque Eólico Espina. S.L.,18.00
La Caldera,Burgos,Huérmeces y Villadiego,La Caldera Energía Burgos,22.50
Magaz,Palencia,Magaz de Pisuegra y Palencia,Parque Eólico Magaz. S.L.,30.00
Montamarta,Zamora,Montamarta. Palacios del Pan y Andavías,GEZA,22.40
Padornelo Ampliación,Zamora,Lubián,Ibereólica Hedroso-Aciberos. S.A.U.,18.00
Páramo de Poza I Ampliación,Burgos,Poza de la Sal,EÓLICAS PÁRAMO DE POZA. S.A.,0.89
Peña del Gato,León,Torre del Bierzo. Villagatón e Igüeña,Energías Especiales del Alto Ulla. S.A.,50.00
Peña Roldana,Zamora,Santa Eufemia del Barco,GEZA,35.20
Quintanilla,Burgos,Merindad de Río Ubierna,PARQUES DE GENERACIÓN EÓLICA. S.L.,20.00
Sargentes,Burgos,Sargentes de la Lora y Basconcillos del Tozo,P.E. La Boga. S.L.,24.00
Sierra de las Carbas,Zamora,Ferreruela,P.E. Sierra de las Carbas,40.00
Sierra Ministra,Soria,Medinaceli,PEESA,42.00
Valdelín Ampliación,León,Folgoso de la Ribera. Igüeña y Torre del Bierzo,GAS NATURAL FENOSA RENOVABLES,6.00
Alto de la Degollada,Burgos,Castrojériz,GAMESA ENERGÍA,50.00
Arroyal,Burgos,Alfoz de Quintanadueñas,P.E. La Boga. S.L.,46.50
Cabeza Mesá,Ávila,San Juan del Olmo y Vadillo de la Sierra,EÓLICA SIERRA DE ÁVILA. S.L.,29.60
Celada I,Palencia,Hornillos de Cerrato. Torquemada y Herrera de Valdecañas,ACCIONA ENERGÍA,34.00
Cogollos II (Fase A),Burgos,Cogollos,Productor Regional de Energía Renovable. S.A.,44.00
Cogollos II (Fase B),Burgos,Cogollos,Productor Regional de Energía Renovable. S.A.,6.00
Colladillo,Ávila,Valdecasa. Narrillos del Rebollar y Balbarda,EÓLICA SIERRA DE ÁVILA. S.L.,30.60
Cruz de Carrutero Fase A,Palencia,Cardeñosa de Volpejera. Villamuera de la Cueza y Villanueva de Rebollar,Parque eólico Cruz de Carrutero. S.L.,10.90
Cruz de Carrutero Fase B,Palencia,Cardeñosa de Volpejera. Villamuera de la Cueza y Villanueva de Rebollar,Parque eólico Cruz de Carrutero. S.L.,29.10
El Campanario,Burgos,Carcedo de Burgos y Revillarruz,Eólica del Alfoz. S.L.,38.00
El Nogal,Burgos,Carcedo de Burgos y Cardeñadijo,Eólica del Alfoz. S.L.,24.00
El Páramo,Burgos,Alfoz de Quintanadueñas,Energías Naturales Molinos de Castilla. S.A.,24.00
El Rincón,Ávila,San Juan del Olmo y Balbarda,EÓLICA SIERRA DE ÁVILA. S.L.,8.00
Esquileo I,Palencia,Ampudia,ESQUILVENT. S.L.,46.88
Fuentevaín,Burgos,Carcedo de Burgos,Eólica del Alfoz. S.L.,32.00
La Cueza,León,Sahagún,IBERDROLA RENOVABLES,8.00
La Dehesilla I,Palencia,Ampudia,ESQUILVENT. S.L.,46.88
La Dehesilla II,Palencia,Ampudia,ESQUILVENT. S.L.,46.88
La Vega I,Zamora,Monfarracinos,Sociedad gestora de parques eólicos de Castilla y León. S.A.,5.00
La Vega II,Zamora,Monfarracinos,Sociedad gestora de parques eólicos de Castilla y León. S.A.,5.00
Las Fuentes,Burgos,Carcedo de Burgos,Eólica del Alfoz. S.L.,18.00
Las Viñas (Fase A),Burgos,Valle de Santibáñez. Alfoz de Quintanadueñas y Merindad de Río Ubierna,IBERDROLA RENOVABLES,22.10
Las Viñas (Fase B),Burgos,Valle de Santibáñez. Alfoz de Quintanadueñas y Merindad de Río Ubierna,IBERDROLA RENOVABLES,15.90
Los Collados,Burgos,Castrojériz. Villasandino y Sasamon,IBERDROLA RENOVABLES CASTILLA Y LEÓN,11.20
Matabuey,Salamanca,Garcihernández,VIESGO Renovables,16.20
POBLACIÓN DE CERRATO-FASE I (EXPERIMENTAL),Palencia,Cerrato,EOLINCYL. S.L.,0.15
San Lorenzo C,Valladolid,Castromonte. Peñaflor de Hornija y Torrelobatón,BAJOZ EÓLICA S.L.,28.13
San Lorenzo D,Valladolid,Peñaflor de Hornija,HORNUA EÓLICA S.L.,33.75
Valdecarrión,León,Sahagún,IBERDROLA RENOVABLES,34.00
Valdelacasa III,León,Quintana del Castillo y Villagatón-Branuelas,GAS NATURAL FENOSA RENOVABLES,10.80
Valdelín,León,Folgoso de la Ribera,GAS NATURAL FENOSA RENOVABLES,18.00
Valdeperondo,León,Cea y Sahagún,IBERDROLA RENOVABLES,46.00
Valdesamario,León,Riello. Valdesamario y Villagatón,Energías Especiales del Alto Ulla. S.A.,24.00
Ventosa del Ducado (FASE A),Soria,Medinaceli. Yelo y Miño de Medinaceli,IBERCYL,18.00
Ventosa del Ducado (FASE B),Soria,Medinaceli. Yelo y Miño de Medinaceli,IBERCYL,26.00
Bandeleras,Salamanca,Palacios del Arzobispo y Zamayón,P.E. Bandeleras,36.00
Brulles,Burgos,Villadiego,BRULLES EÓLICA S.L.U.,40.00
El Lanchal,Ávila,San Juan de la Nava,ENEL GREEN POWER ESPAÑA S.L.,21.25
Fuente Salada,Burgos,Castellanos de Castro y Sasamón,IBERDROLA RENOVABLES,46.40
Hiperión II,Soria,Suellacabras,VIESGO Renovables,49.94
Layna,Soria,Arcos de Jalón,IBERDROLA RENOVABLES,50.00
Los Llanos (Fase A),Burgos,Cogollos. Hontoria de la Cantera y Revillarruz,Productor Regional de Energías Renovables III. S.A.,13.50
Los Llanos (Fase b),Burgos,Cogollos. Hontoria de la Cantera y Revillarruz,Productor Regional de Energías Renovables III. S.A.,24.50
Los Zapateros,Burgos,Los Balbases y Castrojériz,CYL ENERGÍA EÓLICA S.L.U.,49.40
Peña Nebina,Zamora,Ferreruela,Energías Renovables de Peña Nebina. S.L.,20.00
Pucheruelo,Ávila,San Juan de la Nava,ENEL GREEN POWER ESPAÑA S.L.,22.95
Rodera Alta,Salamanca,Santiz. Valdelosa y Zamayón,P.E. Rodera Alta,34.00
Teso Santo,Salamanca,Santiz y Palacios del Arzobispo,Parque Eólico Teso Santo. S.L.,50.00
Valdihuelo,Ávila,Navalperal del Pinares y Ávila,ENEL GREEN POWER ESPAÑA S.L.,16.15
Alto de Pocillo,Palencia,Monzón de Campos,EÓLICA MIRASIERRA. S.L.,4.00
El Gallo,Burgos,Villaquirán de los Infantes. Villaldemiro. Tamarón y Los Balbases,CYL ENERGÍA EÓLICA S.L.U.,49.40
El Raso,Palencia,Fuentes de Valdepero,Eólica El Raso. S.L.,4.50
El Rebollar,Palencia,Hontoria de Cerrato,EÓLICA MIRASIERRA. S.L.,5.00
La Cotorra,Palencia,Fuentes de Valdepero,EÓLICA MIRASIERRA S.L.,1.50
La Zarzuela,Burgos,Los Balbases. Castrojériz y Vallegera,CYL ENERGÍA EÓLICA S.L.U.,41.80
Las Canteras,Palencia,Monzón de Campos,EÓLICA MIRASIERRA. S.L.,8.00
Monte de Villajimena,Palencia,Monzón de Campos,EÓLICA MIRASIERRA. S.L.,6.00
Peñaflor III,Valladolid,La Mudarra. Castromonte y Peñaflor de Hornija,Bionor,49.00
Peñaflor IV,Valladolid,Peñaflor de Hornija,Bionor,49.00
Quintanilla Sobresierra,Soria,Merindad de Río Ubierna,DENERSA,0.85
Rodal,Palencia,Fuentes de Valdepero,EÓLICA MIRASIERRA. S.L.,4.50
San Adrián,Palencia,Fuentes de Valdepero,EÓLICA MIRASIERRA. S.L.,4.00
Sierra Sesnández,Zamora,Riofrío de Aliste y Ferreruela,ENERGÍAS RENOVABLES SIERRA SESNÁNDEZ. S.L.,20.00
Valdehorno,Palencia,Magaz de Pisuegra,EÓLICA MIRASIERRA. S.L.,8.00
Valdelanave,Zamora,Muelas del Pan,Bionor,10.00
Ágreda,Soria,Ágreda,Parque Eólico Sierra del Madero,18.00
Las Traperas,Valladolid,Medina del Campo,M TORRES DISEÑOS INDUSTRIALES. S.A.,9.90
Peña el Santo,Palencia,Aguilar de Campo,Suministros eólicos. S.L.,2.00
Peña Miján,Palencia,Aguilar del Campoo,SUMINISTROS EÓLICOS DEL NORTE,6.00
Sierra del Cortado Ampliación,Soria,Tajahuerce. Almenar y Pinilla del Campo,Parque Eólico Sierra del Madero,13.50
Parque eólico I+D Mansilla de Burgos,Burgos,Valle de santibañez,GAMESA ENERGÍA,9.00
Alba Torres,Salamanca,Alba de Tormes y Navales,ENERGÍA EÓLICA GAV IA SL,4.50
Ausines,Burgos,Ausines,Parque Eólico los Ausines.S.L. (Grupo Viloria),27.00
Becerril II,Palencia,Becerril de Campos,Parque Eólico Rondavino S.L.U.,2.00
Ampliación Hierro,Zamora,Losacio. Losacino. Carbajales de Alba y Olmillos de Castro,Naturgy Renovables,43.20
Ampliación Llanos,Burgos,Hontoria de la Cantera y Cogollos,ENEL GREEN POWER ESPAÑA S.L.,20.00
Ampliación Montejo,Burgos,Valle de Valdebezana,Boreas Eólica 2. S.A.,6.60
Ballestas,Burgos,Castrojeriz Y Vallejera,Sistemas Energéticos Serra de Lourenzá. S.A.U./ SGRE,41.58
Carrecastro,Valladolid,Tordesillas y Velliza,Energía Eólica de Castilla,10.00
Casetona,Burgos,Castrojeriz Y Vallejera,Sistemas Energéticos Jaralón. S.A.U./ SGRE,27.72
El Poleo,Valladolid,Castromonte y Valverde de Campos,WPD Parque Eólico El Poleo. S.L.U.,48.51
Las Panaderas,Valladolid,Castromonte. Valverde de Campos y La Mudarra,WPD Parque Eólico Las Panaderas. S.L.U.,45.05
Navillas,Valladolid,La Mudarra. Valdenebro de los Valles. Valladolid y Villalba de los Alcores,WPD Parque Eólico Navillas. S.L.U.,41.58
San Blas I y II,Valladolid,Castromonte. Valverde de Campos. Valdenebro de los Valles y La Mudarra,Naturgy Renovables,39.60
Teso Pardo,Valladolid,Valverde de Campos y Castromonte,Naturgy Renovables,36.30
Torozos A,Valladolid,Castromonte.Torrelobatón. Torrecilla de la Torre y Barruelo,Naturgy Renovables,41.80
Torozos B,Valladolid,Torrelobatón. Berceruelo. Velilla y Villasexmir,Naturgy Renovables,33.00
Torozos C,Valladolid,Torrelobatón. Castrodeza. Berceruelo y Velliza,Naturgy Renovables,39.60
Carratorres,Valladolid,Valdenebro de los Valles,Naturgy Renovables,39.60
Corralnuevo (Torozos II),Valladolid,Villalba de los Alcores. Valdenebro de los Valles y Valladolid,Wpd Parque Eolico Corralnuevo Sl.,41.58
Encinillas,Palencia,Paredes de Nava,Parque Eólico Encinillas. S.L.,23.38
Mirabel,Valladolid,Valverde de Campos. Castromonte. Valdenebro de los Valles y La Mudarra,Naturgy Renovables,26.40
Parideras,Soria,Beltejar. Medinaceli,Sociedad promotora:,23.10
Quintanilla II,Burgos,Merindad de Río Ubierna,EDP Renovables España. S.L.,9.99
La Huesa,Burgos,Isar. Las Quintanillas. Estepar. Rabé de las Calzadas,PEACHE ENERGIAS RENOVABLES SA,18.00
Las Tadeas,Palencia,Paredes de Nava; Cardeñosa de la Volpejera,Parque Eólico Las Tadeas. S.L.A.,39.05
PE Las Viñas-Fuenteblanca,Burgos,Merindad del Rio Ubierna. Valle de Santibañez,Iberdrola Renovables Castilla y León,10.40
PE Orbaneja,Burgos,Isar. Las Quintanillas. Estepar. Rabé de las Calzadas,PEACHE ENERGIAS RENOVABLES SA,31.50
PE Valdesantos,Burgos,Estepar,PEACHE ENERGIAS RENOVABLES SA,13.50
Perdiguera,Burgos,Medinilla de la Dehesa,EDP RENOVABLES ESPAÑA. S.L,22.00
Soliedra,Soria,Momblona y Morón de Almazán,Origen Energía y Viento. S.L.U,21.00
Aragón,Zaragoza,La Muela,PARQUE EÓLICO ARAGÓN,5.28
Borja I,Zaragoza,Borja,CEASA,16.20
La Plana III,Zaragoza,La Muela,SISTEMAS ENERGÉTICOS LA MUELA,21.00
El Pilar,Zaragoza,La Muela,CORPORACIÓN EÓLICA DE ZARAGOZA,15.00
La Muela II,Zaragoza,La Muela,EÓLICA VALLE DEL EBRO,13.20
Puntaza de Remolinos,Zaragoza,Remolinos,CEASA,11.73
Valdecuadros (I+D),Zaragoza,La Muela,NEG MICON. SAU,2.10
Muel,Zaragoza,Muel,RWE Innogy Aersa. S.A.U.,16.20
Dehesa del Coscojar,Zaragoza,Plasencia de Jalón,DESARROLLOS EÓLICOS DEL EBRO,15.00
La Muela III,Zaragoza,La Muela,EÓLICA VALLE DEL EBRO,16.50
La Plana II,Zaragoza,La Muela,SISTEMAS ENERGÉTICOS MAS GARULLO,16.50
La Serreta+ampliación la Serreta,Zaragoza,Rueda de Jalón y Plasencia de Jalón,MOLINOS DEL EBRO. S.A.,49.50
Planas de Pola (Tauste),Zaragoza,Tauste y Pradilla de Ebro,CEASA,35.64
La Plana I,Zaragoza,La Muela,SIST. ENERG. LA PLANA,4.15
Sierra Selva I,Zaragoza,Uncastillo,ACCIONA ENERGÍA,18.15
Acampo Armijo,Zaragoza,Zaragoza,RWE Innogy Aersa. S.A.U.,18.00
Boquerón I,Zaragoza,Borja,CEASA,21.78
Borja II (Arbolitas),Zaragoza,Borja,CEASA,21.51
Bosque Alto,Zaragoza,María de Huerva,RWE Innogy Aersa. S.A.U.,21.75
Campo de Borja,Zaragoza,Borja,C.E. CAMPO DE BORJA S.A.,1.98
El Águila,Zaragoza,Pedrola,DESARROLLOS EÓLICOS EL ÁGUILA,19.50
Escucha (Unificado San Just),Teruel,Escucha,EXPLOTACIONES EÓLICAS DE ESCUCHA,19.14
La Ciesma de Grisel (1º fase),Zaragoza,Grisel,RWE Innogy Aersa. S.A.U.,13.50
Los Labrados,Zaragoza,Zaragoza. Cadrete y María de Huerva,RWE Innogy Aersa. S.A.U.,24.00
Plana de la Balsa,Zaragoza,Cadrete y María de Huerva,RWE Innogy Aersa. S.A.U.,24.00
Sos del Rey Católico,Zaragoza,Sos del Rey Católico,ACCIONA ENERGÍA,18.70
Tardienta I,Huesca,Tardienta,IBERDROLA RENOVABLES,49.50
Tardienta II,Huesca,Tardienta y Torralba,SIST. ENERG. TORRALBA. S.A.,44.20
Atalaya I,Zaragoza,Pedrola y Luceni,MOLINOS DEL EBRO. S.A.,25.50
Boquerón II (Ampliación),Zaragoza,Borja,CEASA,14.52
El Puerto (Unificado),Teruel,Cuevas de Almudén,EXPLOTACIONES EÓLICAS EL PUERTO,25.08
La Carracha,Zaragoza,La Muela,PARQUE EÓLICO LA CARRACHA. S.L.,49.50
La Plana I+D,Zaragoza,La Muela,SIST. ENERG. LA PLANA,2.00
Plana de Jarreta,Zaragoza,La Muela,PLANA DE JARRETA. S.L.,49.50
Plana de María,Zaragoza,María de Huerva,RWE Innogy Aersa. S.A.U.,24.00
Plana de Zaragoza,Zaragoza,La Muela,RWE Innogy Aersa. S.A.U.,24.00
Sierra de la Virgen,Zaragoza,Sestrica y Calatayud,EXPLOTACIONES EÓLICAS SIERRA DE LA VIRGEN,28.80
Tarazona Sur,Zaragoza,Tarazona,ELECDEY,9.60
Atalaya II,Zaragoza,Pedrola y Luceni,MOLINOS DEL EBRO. S.A.,24.00
Cabezo de San Roque,Zaragoza,Muel,EÓLICA CABEZO DE SAN ROQUE. S.A.,23.25
El Bayo,Zaragoza,Pedrola,MOLINOS DEL EBRO. S.A.,49.50
La Muela Norte,Zaragoza,La Muela,OLIVENTO. S.L.,29.75
Los Monteros,Zaragoza,Pedrola,MOLINOS DEL EBRO. S.A.,25.50
Magallón 26,Zaragoza,Magallón,PROY. EÓLICOS ARAGONESES,10.80
Río Gallego,Huesca,Gurrea de Gállego,RWE Innogy Aersa. S.A.U.,38.70
Boquerón III (Ampliación),Zaragoza,Borja,CEASA,13.20
Entredicho,Zaragoza,Fuendetodos y Azuara,IBERDROLA RENOVABLES,36.00
Fuendetodos I,Zaragoza,Fuendetodos,IBERDROLA RENOVABLES,46.00
Fuendetodos II,Zaragoza,Fuendetodos,IBERDROLA RENOVABLES,47.60
La Plana I+D Ampliación,Zaragoza,La Muela,SIST. ENERG. OPIÑEN,2.00
Molino de Arbolitas,Zaragoza,Borja,MOLINO DE ARBOLITAS. S.L.,1.50
Molino de Carragüeyes,Zaragoza,Borja,Molino de Caragüeyes. S.L.,0.75
San Just (Unificado escucha),Teruel,Escucha,Explotaciones Eólicas de Escucha,9.24
Santa Quiteria,Huesca,Almudévar y Tardienta,PARQUE EÓLICO SANTA QUITERIA. S.L.,36.00
Belchite,Zaragoza,Belchite,PARQUE EÓLICO BELCHITE. S.L.,49.50
La Ciesma de Grisel (2º fase),Zaragoza,Grisel,RWE Innogy Aersa. S.A.U.,3.00
La Sotonera,Huesca,Gurrea de Gallego y Alcalá de Gurrea,PARQUE EÓLICO LA SOTONERA. S.L.,18.90
Los Visos,Zaragoza,Rueda de Jalón,MOLINOS DEL EBRO. S.A.,37.50
Rabosera,Huesca,Sierra de Luna,DESARROLLOS EÓLICOS DE RABOSERA. S.A.,31.35
San Juan de Bargas,Zaragoza,Bureta. Magallón y Alberite de San Juan,SAN JUAN DE BARGAS EÓLICAS. S.L.,44.80
Mallén,Zaragoza,Mallén,VIESGO Renovables,30.00
Santo Cristo de Magallón,Zaragoza,Magallón,GEÓLICA MAGALLÓN II. S.L.,40.00
Sasoplano (Almudévar),Huesca,Almudévar,EXPLOTACIONES EÓLICAS SASO PLANO. S.A.,39.20
Valdeconejos,Teruel,Escucha y Utrillas,OLIVENTO. S.L.,32.30
Almaren,Zaragoza,Sestrica,Explotaciones Eñlkicas Sierra La Virgen. S.A.,11.90
Cantales,Zaragoza,Rueda de Jalón,Parque Eólico Los Cantales. S.L.U.,24.00
Las Gorgas,Zaragoza,Gurrea de Gallego y Alcalá de Gurrea,PARQUE EÓLICO RÍO GALLEGO. S.L.,2.70
Puerto Escandón,Teruel,Puebla de Valverde,MOLINOS DEL JALÓN. S.A.,25.00
Robres,Huesca,Robres,EÓLICA DEL EBRO. S.A.,24.00
Sierra Costera II,Teruel,Cañada Velilla. Cuevas de Almudén. Mexquita de Jarque y Galve,Explotaciones Eólicas Sierra Costera. S.A.,40.80
Sos del Rey Católico II,Zaragoza,Sos del Rey Católico,ACCIONA ENERGÍA,30.00
Virgen de la Peña de Alfajarín,Zaragoza,Sierra de Luna,IBERIA APROVECHAMIENTOS EÓLICOS. S.A.U.,30.00
Acampo Arias I,Zaragoza,Zaragoza,Acampo Arias. S.L.,12.00
Cerro de Atalaya I+D,Zaragoza,Cadrete,LAS NAVARRICAS DE BORDÓN,1.65
La Torrecilla (Fase I),Teruel,Utrillas. Pancrudo y Martín del Río,GAMESA ENERGÍA,16.15
Cabezo Negro I+D,Zaragoza,Jaulín,Sistemas Energéticos Cabezo Negro,4.50
I+D+i Walga,Huesca,Término Municipal:,Fundación para el Desarrollo de las nuevas Tecnologías,0.64
Arza I+D,Zaragoza,Ejea de los Caballeros,Syder,0.23
Sancho Abarca,Zaragoza,Tauste,Aragonesa del Viento. S.A. (ARVISA),10.20
San Cristóbal de Aguilón,Zaragoza,Aguilón,Aguilón 20. S.A.,50.00
Acampo Hospital (EXPO),Zaragoza,Zaragoza,ENEL GREEN POWER ESPAÑA S.L.,6.00
El Espartal,Zaragoza,Zaragoza,Iberaragón,6.00
I+D Jaulín,Zaragoza,Jaulín,GAMESA ENERGÍA,4.50
La Loma,Teruel,Aliaga,NEO ELECTRA MANAGMENT. S.L. (Comiolica. S.L.),36.00
La Torrecilla (Fase II),Teruel,Utrillas. Pancrudo y Martín del Río,GAMESA ENERGÍA,22.10
Parque Eólico I+D El Boyal I,Zaragoza,Borja,GAMESA ENERGÍA,4.50
Parque Eólico I+D El Boyal II,Zaragoza,Borja,GAMESA ENERGÍA,4.50
Parque Eólico I+D El Boyal III,Zaragoza,Mallén,GAMESA ENERGÍA,4.50
Acampo Arias II,Zaragoza,Zaragoza,Acampo Arias. S.L.,18.00
Acampo Arias III,Zaragoza,Zaragoza,Acampo Arias. S.L.,18.00
Boyal III,Zaragoza,Mallén,SISTEMAS ENERGÉTICOS BOYAL. S.L.,2.50
El Llano,Zaragoza,Rueda de Jalón,MOLINOS DEL EBRO. S.A.,49.95
Valiente,Huesca,Gurrea de Gállego,Mediterranean Offshore Wind Energy. S.L.,20.00
Agón,Zaragoza,Agón y Magallón,Carreras Energías Renovables. S.L.,8.93
Allueva,Teruel,Allueva. Fonfría y Adanón,ENEL GREEN POWER ESPAÑA S.L.,25.20
CAMPOLIVA I,Zaragoza,Villamayor de Gállego,Sistemas Energéticos Campoliva. S.A.U.,35.91
CAMPOLIVA II,Zaragoza,Alfajarín y Villamayor de Gállego,Sistemas Energéticos Sierra del Carazo. S.A.,39.38
El Aguila II-Aguila III,Zaragoza,Pedrola,Desarrollos Renovables del Ebro. S.L.,31.95
El Balsón,Huesca,Gurrea de Gállego,Energías Eólicas y Ecológicas 58. S.L.,30.00
EL CAMPO,Zaragoza,Mallén y Fréscano,ENEL GREEN POWER ESPAÑA S.L.,19.80
El Coscojar II,Zaragoza,Plasencia de Jalón yPedrola,Eolicas El Coscojar. S.L.,49.70
El Saso II,Zaragoza,Aguilón y Herrera de los Navarros,Desarrollo Eolico Las Majas IX. S.L,10.00
El Sotillo,Zaragoza,Lumpiaque. Rueda de Jalón y Plasencia de Jalón,Villar Mir Energia SL,14.60
FARLAN,Teruel,Muniesa,Parque Eolico Farlan S.L.,41.40
Fréscano,Zaragoza,Fréscano,Gas Natural Wind 4. S.L.,23.93
LA ESTANCA,Zaragoza,Mallén y Fréscano,BOSA DEL EBRO. SL,24.00
La Nava,Zaragoza,Gallur y Magallón,8 metros por Segundo. S.L.,17.16
La Peña,Zaragoza,Sierra de Luna / Las Pedrosas,EDP Renovables España. S.L.,28.88
La Rinconada,Zaragoza,Herrera de los Navarros. Aguión y Azuara,Sociedad Eólica Corrales de Herrera SLU,30.00
La Sarda,Zaragoza,Sierra de Luna,Eólica Sostenible del Gállego. S.L,30.00
Las Majas II,Zaragoza,Aguilón. Azuara y Fuendetodos,Desarrollo Eólico Las Majas IV. S.L.,33.00
Las Majas III,Zaragoza,Aguilón. Azuara y Fuendetodos,Desarrollo Eólico Las Majas V.S.L.,33.00
Las Majas IV,Zaragoza,Aguilón. Azuara y Fuendetodos,Desarrollo Eólico Las Majas IV. S.L.,30.00
Las Majas V,Zaragoza,Aguilón. Azuara y Fuendetodos,Desarrollo Eólico Las Majas V.S.L.,38.30
LOMA GORDA I,Zaragoza,Fuendetodos,TAUSTE ENERGÍA DISTRIBUIDA. S.L.,23.92
Los Cierzos,Zaragoza,Gallur/Magallón,Energías Eólicas y Ecológicas 53. S.L.,15.00
Monforte I (Fase I),Teruel,Monforte de Moyuela y Loscos,Fuerzas Energéticas del Sur de Europa VII S.L.,19.01
Monlora I (Fase I),Zaragoza,Luna. Sierra de Luna y Castejón de Valdejasa,Generaciones Renovables del Gállego. S.L,15.22
Monlora II,Zaragoza,Luna y Sierra de Luna,Fuerzas Energéticas Sur de Europa IX. S.L,49.50
Monlora III,Zaragoza,Luna. Sierra de Luna y Castejón de Valdejasa,Fuerzas Energéticas del Sur de Europa X. S.L,49.50
Monlora V (Fase I),Zaragoza,Las Pedrosas,Fuerzas Energéticas Sur de Europa IX. S.L,26.25
MUNIESA,Teruel,Muniesa,Parque Eolico Muniesa S.L.,46.80
Pedrola,Zaragoza,Pedrola,Moncayo Forestal. S.L.,20.79
PRIMORAL,Zaragoza,Alfajarín y Villamayor de Gállego,Sistemas Energéticos Alcohujate. S.A,34.65
Rodén,Zaragoza,Fuentes de Ebro,Exolexterm Desarrollos. S.L.,6.00
San Agustín,Teruel,Azaila. Almochuel y Vinaceite,Gas Natural Wind 4. S.L.,34.65
SAN PEDRO ALACON,Teruel,Alacón,ENEL GREEN POWER ESPAÑA S.L.,39.90
Santo Domingo de la Luna,Zaragoza,Luna. Sierra de Luna y Las Pedrosas,Explotaciones Eólicas Santo Domingo de Luna S.A.,29.87
SIERRA COSTERA I,Teruel,Rillo. Cañada Vellida. Fuentes Calientes y Mezquita de Jarque,ENEL GREEN POWER ESPAÑA S.L.,48.90
SIERRA PELARDA,Teruel,Torrecilla de Fonfría y Allueva,ENEL GREEN POWER ESPAÑA S.L.,14.40
Tablares,Zaragoza,Lumpiaque. Rueda de Jalón y Plasencia de Jalón,Villar Mir Energia SL,11.93
Tinajeros,Zaragoza,Agón y Magallón,Saggita Ventum SL,20.63
Ampliación Puerto Escandón,Teruel,La Puebla de Valverde y Formiche Alto,Sociedad promotora:,24.00
Cañacoloma,Zaragoza,Aguilón. Azuara. Fuendetoos y Herrera de los Navarros,CBA Eólica SLU.,20.98
Cañaseca,Teruel,Blesa y Moyuela,Aranort Desarrollos S.L,18.00
Dehesa de Mallén,Zaragoza,Mallén,Eólica del Cierzo S.L,3.47
El Cabezo (Fase 1),Zaragoza,María de Huerva,EO-ZON Generación Eólica. S.L. ,30.43
El Cabezo (Fase 2),Zaragoza,María de Huerva,EO-ZON Generación Eólica. S.L. ,18.97
El Pradillo,Zaragoza,Agón. Borja y Fréscano,Iberjalón. S.A.,22.50
El Saso,Zaragoza,Azuara y Herrera de los Navarros,Eolica El Saso. SL.,17.55
Francisco Borja,Zaragoza,Borja y Fréscano,San Francisco de Borja. SA,23.93
Hilada Honda,Zaragoza,Villar de los Navarros (Zaragoza) y Loscos (Teruel),Repsol Renovables S.L.,20.00
La Muga I,Zaragoza,Gallur y Magallón,Desarrollo Eólico La Muga S.L.,15.00
La Muga II (Fase 1),Zaragoza,Mallén. Gallur y Magallón,Desarrollo Agronómicos Industriales 5. S.L. (Forestalia),45.57
La Muga II (Fase 2),Zaragoza,Mallén. Gallur y Magallón,Desarrollo Agronómicos Industriales 5. S.L. (Forestalia),3.83
La Muga III,Zaragoza,Agón y Magallón,Fuerzas Energéticas del Sur de Europa XXI. S.L.,30.40
Las Azubías,Zaragoza,Rueda de Jalón,Molinos del Ebro. S.A.,46.00
Las Majas VII A,Zaragoza,Herrera de los Navarros y Villar de los Navarros,Repsol Renovables S.L.,49.40
Las Majas VII B,Zaragoza,Fuendetodos. Azuara. Aguilón y Herrera de los Navarros,Repsol Renovables S.L.,49.40
Las Majas VII C,Zaragoza,Aguilón y Herrera de los Navarros,Repsol Renovables S.L.,49.40
Las Majas VII D,Zaragoza,Azuara y Moyuela,Repsol Renovables S.L.,49.40
Las Majas VII E,Zaragoza,Herrera de los Navarros,Repsol Renovables S.L.,19.00
Los Gigantes,Teruel,Blesa y Moyuela,Enel Green Power España,21.30
Monforte I (Fase II),Teruel,Moyuela y Loscos,Fuerzas Energéticas del Sur de Europa VII S.L.,30.40
Monforte II,Teruel,Moyuela y Loscos,Fuerzas Energéticas del Sur de Europa VIII S.L.,22.80
Monlora I (Fase II),Zaragoza,Luna. Sierra de Luna y Castejón de Valdejasa,Generaciones Renovables del Gállego S.L.,34.28
Monlora IV,Zaragoza,Las Pedrosas y Sierra de Luna,Fuerzas Energéticas del Sur de Europa XVI. S.L.,21.60
Monlora V (Fase 2),Zaragoza,Las Pedrosas,Fuerzas Energéticas del Sur de Europa XVII. S.L.,3.75
Picador,Zaragoza,Rueda de Jalón,Molinos del Ebro. S.A.,50.00
Portillo 2 Fase 1,Zaragoza,María de Huerva y La Muela,Alectoris Energía Sostenible 6. S.L,44.80
Portillo 2 Fase 2,Zaragoza,María de Huerva,Alectoris Energía Sostenible 6. S.L,38.00
Puylobo,Zaragoza,Borja y Mallén,Sistemas Energéticos Loma del Viento. S.A.,48.51
Romerales I,Zaragoza,Zaragoza,Repsol Renovables S.L.,49.40
Romerales II,Zaragoza,Zaragoza,Repsol Renovables S.L.,49.40
Sierra de Luna,Zaragoza,Herrera de los Navarros,Parque Eolico Sierra de Luna S.L.,17.55
Sierra de Oriche,Teruel,Allueva y Anadón,Enel Green Power España,13.86
Venta del Ginestar (Fase 1),Zaragoza,Agón. Bisimbre. Fréscano. Magallón y Mallén,Compañía Integral de Energías Renovables de Zaragoza. S.L,25.76
Venta del Ginestar (Fase 2),Zaragoza,Agón. Bisimbre. Fréscano. Magallón y Mallén,Compañía Integral de Energías Renovables de Zaragoza. S.L,22.24
Las Azubías,Zaragoza,Fuendejalón,Molinos del Ebro. S.A.,4.20
Las Herrerías,Zaragoza,Pozuelo de Aragón,EDPR ESPAÑA. SL,16.12
Las Majas VI-B,Zaragoza,Almonacid de la Cuba. Azuara. Fuendetodos,Desarrollo Eólico Las Majas XIX. S.L.,49.40
Las Majas VI-C,Zaragoza,Almonacid de la Cuba. Azuara,Desarrollo Eólico Las Majas XIX. S.L.,49.40
Las Majas VI-D,Zaragoza,Azuara,Desarrollo Eólico Las Majas XIX. S.L.,14.50
Parque Eólico Tico (PARCIAL),Zaragoza,Villar de los Navarros. Azuzra y Moyuela,Parque Eólico Tico S.L,43.25
Virgen de Rodanas I,Zaragoza,Fuendejalón. Pozuelo de Aragón,Desarrollos Eólicos del Sur de Europa. S.L.,49.40
Virgen de Rodanas II,Zaragoza,Fuendejalón. Pozuelo de Aragón,Fuerzas Energéticas del Sur de Europa XV. S.L.,49.40
Cerro de la Punta,Albacete,Higueruela,IBERDROLA ENERGÍAS RENOVABLES DE CLM,24.42
Cerro Vicente,Albacete,Pozocañada y Chinchilla del Monte Aragón,IBERDROLA ENERGÍAS RENOVABLES DE CLM,39.10
Morrablancar,Albacete,Hoya Gonzalo,IBERDROLA ENERGÍAS RENOVABLES DE CLM,13.20
Higueruela,Albacete,Higueruela,IBERDROLA ENERGÍAS RENOVABLES DE CLM,37.62
La Cuerda,Albacete,Petrola y Chinchilla de MonteAragón,IBERDROLA ENERGÍAS RENOVABLES DE CLM,31.02
Malefatón,Albacete,Higueruela,IBERDROLA ENERGÍAS RENOVABLES DE CLM,49.50
Muela de Tortosilla,Albacete,Alpera,IBERDROLA ENERGÍAS RENOVABLES DE CLM,36.96
Virgen de Belén II,Albacete,Bonete,IBERDROLA ENERGÍAS RENOVABLES DE CLM,24.42
Virgen de los Llanos I,Albacete,Higueruela y Hoya,IBERDROLA ENERGÍAS RENOVABLES DE CLM,26.40
Virgen de los Llanos II,Albacete,Higueruela,IBERDROLA ENERGÍAS RENOVABLES DE CLM,23.10
Isabela,Albacete,Casas de Lázaro,IBERDROLA ENERGÍAS RENOVABLES DE CLM,48.00
Molar del Molinar,Albacete,Peñas de San Pedro,IBERDROLA ENERGÍAS RENOVABLES DE CLM,49.50
Pozocañada,Albacete,Pozocañada,IBERDROLA ENERGÍAS RENOVABLES DE CLM,24.42
Sierra Quemada,Albacete,Pozohondo,IBERDROLA ENERGÍAS RENOVABLES DE CLM,26.25
Virgen de Belén I,Albacete,Bonete,IBERDROLA ENERGÍAS RENOVABLES DE CLM,23.10
Barrax,Albacete,Barrax,GE WIND ENERGY. S.L.,3.60
Campalbo,Cuenca,Graja y Campalbo,IBERDROLA ENERGÍAS RENOVABLES DE CLM,49.30
Campisábalos,Guadalajara,Campisabalos,PECAMSA,24.42
Cerro Vicente II,Albacete,Pozocañada y Chinchilla del Monte Aragón,IBERDROLA ENERGÍAS RENOVABLES DE CLM,29.75
Cruz I,Cuenca,San Martín de Boniches,IBERDROLA ENERGÍAS RENOVABLES DE CLM,39.95
Cruz II,Cuenca,San Martín de Boniches,IBERDROLA ENERGÍAS RENOVABLES DE CLM,26.35
Monte Molón,Cuenca,Mira y Aliaguilla,IBERDROLA ENERGÍAS RENOVABLES DE CLM,29.75
Sierra de Mira,Cuenca,Mira y Aliaguilla,IBERDROLA ENERGÍAS RENOVABLES DE CLM,38.25
Sierra de Pinilla,Albacete,Chinchilla de MonteAragón,IBERDROLA ENERGÍAS RENOVABLES DE CLM,22.95
Atalaya de la Solana,Albacete,Peñas de San Pedro,IBERDROLA ENERGÍAS RENOVABLES DE CLM,20.40
Cantalojas,Guadalajara,Cantalojas,PECAMSA,18.00
Sierra de la Oliva,Albacete,Caudete y Almansa,IBERDROLA ENERGÍAS RENOVABLES DE CLM,46.86
Sierra del Romeral,Toledo,Villacañas,IBERDROLA ENERGÍAS RENOVABLES DE CLM,23.80
Sierra del Romeral II,Toledo,Villacañas,IBERDROLA ENERGÍAS RENOVABLES DE CLM,7.65
Alhambra,Ciudad Real,Alhambra. La Solana y Membrilla,ACCIONA ENERGÍA,34.00
Bailones,Ciudad Real,Alhambra y Membrilla,ACCIONA ENERGÍA,42.00
Callejas,Cuenca,Olmedilla,IBERDROLA ENERGÍAS RENOVABLES DE CLM,49.50
Capiruza I (1ª Fase),Albacete,Albacete y Peñas de San Pedro,IBERDROLA ENERGÍAS RENOVABLES DE CLM,26.00
Capiruza I Ampliación,Albacete,Albacete y Peñas de San Pedro,IBERDROLA ENERGÍAS RENOVABLES DE CLM,24.00
Capiruza II (2ª Fase),Albacete,Peñas de San Pedro,IBERDROLA ENERGÍAS RENOVABLES DE CLM,42.00
Carcelén,Albacete,Carcelén,ELECDEY CARCELEN,49.60
Cerro Calderón,Cuenca,Paredes y Alcazar del Rey,IBERDROLA ENERGÍAS RENOVABLES DE CLM,49.50
Cerro del Palo,Cuenca,Tébar y Atalaya Cañavete,IBERDROLA ENERGÍAS RENOVABLES DE CLM,49.50
Cerro Revolcado,Albacete,Caudete,IBERDROLA ENERGÍAS RENOVABLES DE CLM,26.35
Cuesta Colorada,Cuenca,Tébar y Atalaya Cañavete,IBERDROLA ENERGÍAS RENOVABLES DE CLM,49.50
El Gramal,Albacete,El Bonillo,EÓLICA CAMPOLLANO. S.A.,37.40
La Cabaña,Albacete,El Bonillo y El Ballestero,EÓLICA CAMPOLLANO. S.A.,41.65
La Plata,Toledo,Villarubia de Santiago,OLIVENTO. S.L.,21.25
La Sarguilla,Albacete,Villavaliente,Parque eólico La Sargilla. S.A.,1.67
Maza,Cuenca,Olmedilla,IBERDROLA ENERGÍAS RENOVABLES DE CLM,49.50
Muela,Albacete,Corralrubio y Chinchilla de Montearagón,IBERDROLA ENERGÍAS RENOVABLES DE CLM,45.54
Muela I,Cuenca,Sisante. Vara del Rey y Atalaya,IBERDROLA ENERGÍAS RENOVABLES DE CLM,49.50
Portachuelo,Albacete,El Bonillo y Lezuza,EÓLICA CAMPOLLANO. S.A.,45.05
Cabezuelo,Guadalajara,Maranchón,IBERDROLA ENERGÍAS RENOVABLES DE CLM,30.00
Cantalojas Ampliación,Guadalajara,Cantalojas,IBERDROLA ENERGÍAS RENOVABLES DE CLM,6.00
Cerro de la Silla,Albacete,Almansa,IBERDROLA ENERGÍAS RENOVABLES DE CLM,15.30
Clares,Guadalajara,Maranchón y Luzón,IBERDROLA ENERGÍAS RENOVABLES DE CLM,32.00
Escalón,Guadalajara,Maranchón y Luzón,IBERDROLA ENERGÍAS RENOVABLES DE CLM,30.00
Hijes,Guadalajara,Hijes,IBERDROLA ENERGÍAS RENOVABLES DE CLM,13.20
La Fuensanta,Albacete,Alcadozo y Peñas de San Pedro,GE WIND ENERGY. S.L.,49.50
Lanternoso,Albacete,Bonillo y Villa Robledo,RWE Innogy Aersa. S.A.U.,24.00
Lomillas,Cuenca,Tébar,TEBAR EÓLICA. S.A.,49.50
Los Pedreros,Albacete,Fuente Alamo,GECAL. S.A.,49.95
Luzón Norte,Guadalajara,Maranchón y Luzón,IBERDROLA ENERGÍAS RENOVABLES DE CLM,38.00
Maranchón I,Guadalajara,Maranchón,IBERDROLA ENERGÍAS RENOVABLES DE CLM,18.00
Maranchón IV,Guadalajara,Maranchón,IBERDROLA ENERGÍAS RENOVABLES DE CLM,48.00
Maranchón Sur,Guadalajara,Maranchón y Luzón,IBERDROLA ENERGÍAS RENOVABLES DE CLM,12.00
Sierra de la Oliva II,Albacete,Almansa y Caudete,GAS NATURAL FENOSA RENOVABLES,30.00
Somolinos,Guadalajara,Somolinos y Hijes,IBERDROLA ENERGÍAS RENOVABLES DE CLM,10.56
Virgen de Belén I Ampliación,Albacete,Bonete,IBERDROLA ENERGÍAS RENOVABLES DE CLM,10.00
Boquerón,Albacete,Villa de Ves y Casas del Ves,ENERGÍAS EÓLICAS DE LA MANCHUELA. S.A.,22.00
Cabeza del Conde,Toledo,Madridejos,Parque Eólico Madridejos. S.L.,8.00
Canredondo I,Guadalajara,Canredondo y Torrecuadradilla,GAS NATURAL FENOSA RENOVABLES,28.00
Chumillas,Cuenca,Olmedilla,ELECDEY,50.00
El Moralejo I,Albacete,Alpera. Higueruela,Iniciativas eólicas de Alpera. S.L.,6.00
El Moralejo II,Albacete,Alpera. Higueruela,Iniciativas Eólicas de Alpera. S.L.,12.00
La Losilla,Albacete,Chinchilla de Montearagón,GAS NATURAL FENOSA RENOVABLES,11.90
Las Hoyuelas,Albacete,Pinilla,ACCIONA ENERGÍA,34.00
Pico Collalbas,Cuenca,Villar del Humo y Henarejos,IBERENOVA PROMOCIONES. S.A.,30.00
Sierra Menera I,Guadalajara,Setiles y Tordesilos,IBERDROLA ENERGÍAS RENOVABLES DE CLM,40.00
Breña,Albacete,Pinilla,ACCIONA ENERGÍA,36.00
Caldereros,Guadalajara,Hombrados y Pobo de Dueñas,Energías Especiales Montes Castellanos. S.L.,37.80
Carrascosa,Cuenca,Campos del Paraíso,ENERGÍAS EÓLICAS DE CUENCA,38.00
Casa del Aire I,Albacete,Bonillo,EACLM,49.98
Casa del Aire II,Albacete,El Bonillo,EACLM,49.98
Cerro Blanco,Albacete,Pinilla,ACCIONA ENERGÍA,48.00
Cerro de la Oliva,Toledo,Almonacid y Nambroca,Parque Eólico Cerro de la Oliva. S.L.,10.00
Cerro Moreno,Toledo,Villa de Don Fabrique,Molinos del Cerro Moreno. S.L.,6.00
Dehesa Virginia,Albacete,Alatoz y Alpera,ACCIONA ENERGÍA,30.00
Dos pueblos,Guadalajara,Miedes de Atienza y Bañuelos,IBERDROLA ENERGÍAS RENOVABLES DE CLM,20.00
El Escepar,Cuenca,Villalba del Rey,S.E. Villalba,36.00
El Moral,Ciudad Real,Moral de Calatrava,Parque eólico El Moral. S.L.,40.00
El Peralejo,Cuenca,Villalba del Rey y Tinajas,S.E. Tinajas-Castejón,20.00
Fuente de la Arena,Albacete,Alpera,ACCIONA ENERGÍA,30.00
Hoya Gonzalo,Albacete,Hoya Gonzalo,EVOLUCIÓN 2000,49.50
La Dehesica,Albacete,La Roda,EÓLICA DULCINEA. S.L.,28.50
La Esperanza,Guadalajara,Cantalojas,ACCIONA ENERGÍA,30.00
La Navica,Albacete,La Roda,EÓLICA LA NAVICA. S.L.,30.00
La Plata Ampliación,Toledo,Villarubia de Santiago,GAMESA ENERGÍA,6.80
Majales,Albacete,Masegoso,ACCIONA ENERGÍA,49.50
Malagón I,Ciudad Real,Fuente del Fresno y Los Cortijos,GAS NATURAL FENOSA RENOVABLES,36.00
Malagón II,Ciudad Real,Fuente del Fresno y Los Cortijos,GAS NATURAL FENOSA RENOVABLES,50.00
Muela Cubillo,Cuenca,Alcalá de la Vega. Algarra y Fuentelespino de Moya,ENERGÍAS EÓLICAS DE CUENCA,50.00
Munera I,Albacete,Munera,EÓLICA DON QUIJOTE. S.L.,39.60
Munera II,Albacete,Munera,RENOVABLES CASTILLA LA MANCHA. S.A.,30.60
Torviscal,Albacete,Masegoso,ACCIONA ENERGÍA,24.00
Abuela Santa Ana,Albacete,Pozo Llorente,AL ANDALUS WIND POWER,37.50
Cabeza Morena Dueñas,Albacete,El Bonillo,ACCIONA ENERGÍA,50.00
El Romeral,Albacete,Chinchilla de Montearagón,Eólica Montesinos S.L.,14.45
Guijo I,Guadalajara,Anquela del Ducado. Selas y Mazarete,Luria de Energías. S.A.,38.00
Guijo II,Guadalajara,Anquela del Ducado. Selas y Mazarete,Luria de Energías. S.A.,26.00
Loma Viso,Albacete,Albacete,Alstom-Ecotècnia,2.00
Majogazas,Albacete,Peñascosa y Masegoso,Explotaciones Eólicas Sierra de Alcaraz. S.L.,28.50
Sabina,Albacete,Pozohondo. Hellín y Liétor,IBERDROLA ENERGÍAS RENOVABLES DE CLM,48.00
Abuela Santa Ana Modificación,Albacete,Pozo Llorente,AL ANDALUS WIND POWER,12.00
El Peralejo Ampliación,Cuenca,Villalba del Rey y Tinajas,ACCIONA ENERGÍA,6.00
El Relumbrar,Albacete,Alpera,ACCIONA ENERGÍA,40.00
Lezuza,Albacete,Lezuza,ELECDEY,30.00
Loma Gorda,Guadalajara,Tartanedo,GAS NATURAL FENOSA RENOVABLES,50.00
Loma Viso II Experimental,Albacete,Albacete,Ecotècnia,3.00
Mingorrubio I,Albacete,Lezuza,VIESGO Renovables,25.00
Peña I,Guadalajara,Tartanedo,GAS NATURAL FENOSA RENOVABLES,16.00
Peña II,Guadalajara,Tartanedo y Fuente Elsaz,Energías Especiales Montes Castellanos. S.L.,18.00
Picazo,Guadalajara,Milmarcos y Fuente Elsaz,Energías Especiales Montes Castellanos. S.L.,14.00
San Gil,Guadalajara,Tartanedo. Torrubia y Fuentelsaz,GAS NATURAL FENOSA RENOVABLES,36.00
Villamayor,Cuenca,Puebla de Almenara. Villamayor de Santiago y Hontanaya,ACCIONA ENERGÍA,34.00
El Escepar Ampliación,Cuenca,Villalba del Rey,ACCIONA ENERGÍA,6.00
TOMAS JAEN 1,Albacete,La Gineta,Sociedad promotora:,0.01
TOMAS JAEN 10,Albacete,La Gineta,Sociedad promotora:,0.01
TOMAS JAEN 11,Albacete,La Gineta,Sociedad promotora:,0.01
TOMAS JAEN 12,Albacete,La Gineta,Sociedad promotora:,0.01
TOMAS JAEN 2,Albacete,La Gineta,Sociedad promotora:,0.01
TOMAS JAEN 3,Albacete,La Gineta,Sociedad promotora:,0.01
TOMAS JAEN 4,Albacete,La Gineta,Sociedad promotora:,0.01
TOMAS JAEN 5,Albacete,La Gineta,Sociedad promotora:,0.01
TOMAS JAEN 6,Albacete,La Gineta,Sociedad promotora:,0.01
TOMAS JAEN 7,Albacete,La Gineta,Sociedad promotora:,0.01
TOMAS JAEN 8,Albacete,La Gineta,Sociedad promotora:,0.01
TOMAS JAEN 9,Albacete,La Gineta,Sociedad promotora:,0.01
El Chaparro,Guadalajara,Villaverde del Ducado,ACCIONA ENERGÍA,16.00
Majogazas II,Albacete,Peñascosa y Masegoso,Explotaciones Eólicas Sierra de Alcaraz. S.L.,21.00
Barchín,Cuenca,Barchin del Hoyo,ELECDEY BARCHÍN S.A.,28.00
Castillo Garcimuñoz,Cuenca,Pinarejo y Castillo de Garcimuñoz,Eólica Garcimuñoz. S.L.,25.50
Cerro San Antón,Toledo,Lillo,Eólica de Lillo. S.L.,6.75
Aerogenerador R 225 kW Leuza,Albacete,Lezuza,ALBACETE IFAVG INGENIERIA Y CONSTRUCCIÓN. S.L.,0.23
Gascueña Este,Cuenca,Gascueña. Olmeda de la Cuesta,Eólica Las Contiendas. S.L.U,3.00
Villanueva de Jara I,Cuenca,Villanueva de la Jara,ENERGÍAS EÓLICA CEFIRO. S.L.,4.37
Villanueva de Jara II,Cuenca,Villanueva de la Jara,ENERGÍAS EÓLICA NOTO. S.L.,3.00
Villanueva de Jara III,Cuenca,Villanueva de la Jara,Energías Eolicas Terral. SL.,3.00
Cerro Calderón,Albacete,Pozohondo,ENERGÍAS EÓLICAS GIOLIA. S.L.,4.00
Eras de Bonete,Albacete,Bonete,ENERGÍAS EÓLICAS SANTA ANA. S.L,5.00
Iniesta,Cuenca,Iniesta,FUENTES EÓLICAS DOS. S.L.,5.00
Motilla,Cuenca,Motilla del Palancar,Energía Eólica Alto del Llano. S.L.,51.00
Barrax Norte-Sur,Albacete,Barrax,ENERGÍA EÓLICA NÓMADA. S.L.,39.90
CERRO SIDRICO,Cuenca,INIESTA,PLANTA ENERSOS III. S.L.,1.50
Chinchilla de Montearagón,Albacete,Chinchilla de Montearagón,ENERGÍA EÓLICA CIERZO. S.L.,27.30
A Capelada I,La Coruña,Cariño. Cedeira y Ortigueira,P. EÓLICO A CAPELADA A.I.E.,16.50
Barbanza I,La Coruña,Porto do Son y Pobra do Caramiñal,P.E. BARBANZA. S.A.,19.80
Paxareiras I (Paxareiras-Montevós),La Coruña,Mazaricos y Muros,EOS PAX. II,20.40
Paxareiras II AI (Paxareiras-Montevós),La Coruña,Muros y Carnota,EOS PAX. II,19.20
Coriscada,La Coruña,Mañón y Ortigueira,SISTEMAS ENERG. MAÑON-ORTIGUEIRA,24.00
Muras I,Lugo,Muras y Ourol,IBERDROLA RENOVABLES,24.42
San Xoan,La Coruña,As Pontes (La Coruña) y Muras (Lugo),ACCIONA ENERGÍA,15.84
Vicedo,Lugo,O Vicedo,Parque Eolico de Vicedo. S.L.,24.60
A Capelada II,La Coruña,Cariño. Cedeira y Ortigueira,P. EÓLICO A CAPELADA A.I.E.,14.85
A Ruña,La Coruña,Muros y Mazaricos,ACCIONA ENERGÍA,24.60
Barbanza II Fase 1,La Coruña,Porto do Son y Pobra do Caramiñal,P.E. BARBANZA. S.A.,6.60
Barbanza II Fase 2,La Coruña,Porto do Son y Pobra do Caramiñal,P.E. BARBANZA. S.A.,2.64
Bustelo,Lugo,Muras,ACCIONA ENERGÍA,25.08
Cuadramón,Lugo,Alfoz y Abadin,ACCIONA ENERGÍA,18.75
Leste,Lugo,Ourol y O Valadouro,ACCIONA ENERGÍA,14.25
Monte Seixo,Pontevedra,A Lama. Forcarei y Cerdedo-Cotobade,OLIVENTO. S.L.,24.42
Nordés,Lugo,Muras y O Valadouro,ACCIONA ENERGÍA,20.25
Os Corvos,La Coruña,Cedeira y Ortigueira,P.E. SAN ANDRES S.A.,10.20
Pedra Chantada,Lugo,Muras. Ourol y O Valadouro,ACCIONA ENERGÍA,21.78
Pena Luisa,Lugo,Muras y Ourol,ACCIONA ENERGÍA,21.78
Serra do Cando,Pontevedra,A Lama. Cotobade y Forcarei,OLIVENTO. S.L.,24.42
Virxe do Monte,La Coruña,Mazaricos. Muros y Carnota,ACCIONA ENERGÍA,19.20
Careón,La Coruña,Melide y Toques,E.E. DE CAREÓN,18.00
Coucepenido,La Coruña,Cedeira y Ortigueira,P.E. COUCEPENIDO,22.80
Forgoselo,La Coruña,Capelo y San Sadurniño,SISTEMAS ENERG. FORGOSELO,24.42
Monte Seixo Ampliación,Pontevedra,A Lama. Forcarei y Cotobade,OLIVENTO. S.L.,10.56
Montouto,Lugo,Abadín,NORVENTO MONTOUTO. S.L.,20.46
Muras II,Lugo,Muras y Ourol,IBERDROLA RENOVABLES,24.42
Serra do Cando 1ª Ampliación,Pontevedra,A Lama. Cotobade y Forcarei,OLIVENTO. S.L.,4.81
Somozas,La Coruña,As Somozas,Energías Ambientales Somozas. S.A.,48.00
Vilalba,Lugo,Vilalba,ACCIONA ENERGÍA,25.08
Adraño (Paxareiras IIB),La Coruña,Carnota y Mazaricos,ACCIONA ENERGÍA,21.60
Ameixeiras -Testeiros,Ourense,Lalín (Pontevedra) y O Irixo (Ourense),IBERDROLA RENOVABLES,49.50
Carba,Lugo,Muras y Villalba,ACCIONA ENERGÍA,19.80
Castelo,La Coruña,Coristanco y Tordoia,ENERGÍAS ESPECIALES DE ALTO ULLA. S.A.,16.50
Caxado,La Coruña,As Pontes,ACCIONA ENERGÍA,24.42
Lomba,Lugo,Muras,ACCIONA ENERGÍA,22.50
Masgalán-Campo Do Coco,Pontevedra,Forcarei. Silleda y Lalín,IBERDROLA RENOVABLES,49.50
Monte Treito,La Coruña,Lousame. Rois. Dodro y Rianxo,IBERDROLA RENOVABLES,30.39
Novo,La Coruña,Valdoviño y Narón,Energías Ambientales de Novo S.A.,18.75
Pena da Loba,La Coruña,As Pontes y Mañón,ACCIONA ENERGÍA,24.42
Refachón,Lugo,Abadín,ACCIONA ENERGÍA,21.00
Serra da Panda,La Coruña,Mañón y Ortigueira,SISTEMAS ENERGÉTICOS SERRA DA PANDA,18.48
Soán,Lugo,Muras y Valadouro,ACCIONA ENERGÍA,19.50
Sotavento,La Coruña,Monfero (A Coruña) y Xermade (Lugo),SOTAVENTO GALICIA. S.A.,17.56
Ventoada,Lugo,Muras,ACCIONA ENERGÍA,22.50
Ameixenda - Filgueira,La Coruña,Dumbria y Cee,ACCIONA ENERGÍA,34.80
Coto Teixido,La Coruña,As Pontes. Mañón y Ortigueira,ENEL GREEN POWER ESPAÑA S.L.,23.10
Currás,La Coruña,Curras y Mazaricos,ACCIONA ENERGÍA,7.80
Faladoira I,La Coruña,Mañón y Ortigueira,ENEL GREEN POWER ESPAÑA S.L.,24.42
Monte Carrio,Pontevedra,Lalín y Vila de Cruces,SIST. ENERG. LALÍN,31.45
Monte Redondo,La Coruña,Vimianzo,Energías Ambientales Vimianzo. S.A.,49.50
Pena Armada,Lugo,Friol y Palas de Rei,E.E. PEÑA ARMADA,20.70
Pena da Cruz,Ourense,Chandrexa de Queixa y Castro Caldelas,IBERDROLA RENOVABLES,12.75
Peña Galluda,La Coruña,Laracha,ENGASA EÓLICA,0.66
Serra do Burgo,Ourense,Chandrexa de Queixa y Castro Caldelas,IBERDROLA RENOVABLES,16.15
Serra do Larouco,Ourense,Baltar. Xinzo de Limia y Cualedro,IBERDROLA RENOVABLES,41.65
Viveiro,Lugo,Xove y Viveiro,SISTE. ENERG. VIVEIRO,36.55
As Somozas II,La Coruña,As Somozas,ENERG.AMBIENT. DE SOMOZAS,1.67
Deva,Ourense,Avión. Carballeda de Avia. Melón (Ourense) y Covelo (Pontevedra),ACCIONA ENERGÍA,39.60
Do Vilán,La Coruña,Camariñas,ENEL GREEN POWER ESPAÑA S.L.,16.90
Mareiro,Lugo,Ourol,ACCIONA ENERGÍA,15.00
Pedregal Tremuzo I,La Coruña,Muros,SIST. ENERG. MOUROS-OUTES,30.60
Pedregal Tremuzo II,La Coruña,Muros,SIST. ENERG. MOUROS-OUTES,14.00
Pena Forcada,La Coruña,Camariñas y Laxe,E.E. DEL NOROESTE,33.80
Pena Grande,Lugo,Muras y Ourol,ACCIONA ENERGÍA,17.16
Sil,Ourense,Nogueira de Remuín. Xunqueira de Espadañedo. Parada de Sil. Esgos y Montederramo,IBERDROLA RENOVABLES,49.24
Silán,Lugo,Muras,ACCIONA ENERGÍA,13.20
Tea,Ourense,A Cañiza. Covelo (Pontevedra) y Melón (Ourense),ACCIONA ENERGÍA,48.10
Carballeira,La Coruña,As Pontes de García Rodríguez (La Coruña) y Xermade (Lugo),ACCIONA ENERGÍA,24.42
Corzán,La Coruña,Negreira,ENERGÍAS ESPECIALES DEL NOROESTE,36.00
Fonsagrada,Lugo,A Fonsagrada. Castroverde. Baleira. Ribeira de Piquín y Pol,ACCIONA ENERGÍA,45.54
La Celaya,Lugo,Abadín y Vilalba,DESARROLLOS EÓLICOS DE LUGO. S.A.,28.80
Labrada,Lugo,Abadín,ACCIONA ENERGÍA,18.75
Monseivane,Lugo,Abadín y Vilalba,DESARROLLOS EÓLICOS DE LUGO. S.A.,41.40
Montemayor Sur,Lugo,Abadín,ACCIONA ENERGÍA,12.75
Montouto 2000,Pontevedra,A Cañiza. Arbo y As Neves,Montouto 2000 (HGP),39.75
Outes,La Coruña,Mazaricos,Energías Ambientales de Outes. S.A.,33.60
Pena da Cruz Ampliación,Ourense,Chandrexa de Queixa. Castro Caldelas y Montederramo,IBERDROLA RENOVABLES,10.20
Polígono Sabón (Inditex),La Coruña,Arteixo,INDITEX,0.85
Punago,Lugo,A Fonsagrada. Castroverde. Baleira. Ribeira de Piquín y Pol,ACCIONA ENERGÍA,30.36
Requeixo,La Coruña,As Somozas,SOMERSA,10.50
Serra de Meira,Lugo,Meira y Ribeira de Piquín,SISTEMAS ENERGÉTICOS Viveiro,49.30
Soán Alabe-Ampliación,Lugo,Muras y Valadouro,ACCIONA ENERGÍA,21.75
Terral,Lugo,Abadín,ACCIONA ENERGÍA,27.00
Viravento,La Coruña,Camariñas,ENEL GREEN POWER ESPAÑA S.L.,1.20
Chantada,Lugo,Chantada (Lugo) y Rodeiro (Pontevedra),GALICIA VENTO. S.L.,48.00
Farelo,Lugo,Rodeiro y Agolada (Pontevedra) y Antas de Ulla (Lugo),GALICIA VENTO. S.L.,28.80
Fiouco,Lugo,Abadín,NORVENTO MONTOUTO. S.L.,24.00
Goia Peñote,Lugo,Muras. Xermade y Vilalba,IBERDROLA RENOVABLES,40.00
Leboreiro,Lugo,Muras,ENEL GREEN POWER ESPAÑA S.L.,21.12
Monte Cabezas,Pontevedra,Rodeiro,GALICIA VENTO. S.L.,36.80
Monte do Ceo,Pontevedra,A Lama,SALTOS DEL OITAVÉN. S.L.,2.55
Montemayor Norte,Lugo,Alfoz y Abadín,ACCIONA ENERGÍA,21.00
O Barrigoso,La Coruña,Vimianzo,CANEPA GREEN ENERGY,3.00
Padrón,La Coruña,Padrón,FERSA (Fomento de Energías Renovables),1.70
Penas Grandes,Lugo,Carballedo (Lugo) y Rodeiro (Pontevedra),GALICIA VENTO. S.L.,14.40
Serra da Loba,La Coruña,Aranga (La Coruña) y Guitiriz (Lugo),OLIVENTO. S.L.,36.00
Serra do Burgo Ampliación,Ourense,Chandreixa de Queixa,IBERDROLA RENOVABLES,11.90
Silvarredonda,La Coruña,Cabana de Bergantiños,GAS NATURAL FENOSA RENOVABLES,16.90
Buio,Lugo,Cervo. O Valadouro. Viveiro y Xove,ACCIONA ENERGÍA,40.30
Coruxeiras,Lugo,Muras,NORVENTO CURUXEIRAS. S.L.,49.60
Gamoide,Lugo,Cervo.O Valadouro y Foz,ACCIONA ENERGÍA,32.50
Monte da Barda,La Coruña,Ponteceso,CANEPA GREEN ENERGY,3.00
Pena Ventosa,Lugo,Viveiro. O Vicedo y Ourol,ENEL GREEN POWER ESPAÑA S.L.,44.80
Ponte Rebordelo,La Coruña,Dumbría y Vimianzo,DESARROLLOS EÓLICOS DUMBRÍA. S.A.U.,40.30
Rioboo,Lugo,Xove y Viveiro,ACCIONA ENERGÍA,20.80
Bidueiros Fase I,Ourense,Fornelos de Montes y Covelo (Pontevedra) y Avión (Ourense),Parques eólicos de Buio. S.L.,37.70
Casa,Lugo,Guitiriz y Villalba,GAS NATURAL FENOSA RENOVABLES,29.90
Chan do Tenón,Lugo,Viveiro y O Vicedo,ENEL GREEN POWER ESPAÑA S.L.,22.40
Corzán Ampliación,La Coruña,Negreira,ENERGÍAS ESPECIALES DEL NOROESTE,7.20
Coto de Codesas,La Coruña,Boimorto. Melida. Sobrado y Toques,GAS NATURAL FENOSA RENOVABLES,17.00
Couto de San Sebastian,Pontevedra,Silleda y A Estrada,Energías renovables Montes de San Sebastián. S.L.,18.00
Farrapa,Lugo,Abadín. Mondoñedo. Pastoriza,GAMESA ENERGÍA,20.00
Fonteavia I,Ourense,A Lama. Fomelos. Covelo (Pontevedra) y Avión (Ourense),ACCIONA ENERGÍA,20.80
Fonteavia II,Ourense,A Lama. Fomelos. Covelo (Pontevedra) y Avión (Ourense),ACCIONA ENERGÍA,28.60
Irixo,Ourense,Irixo. Piñor de Cea y Carballiño,Irixo Eólico. S.A. (Grupo San Miguel),19.80
Monte das Augas,La Coruña,As Somozas,Parque Eólico Monte das Augas. S.L.,3.00
Ourol,Lugo,Ourol,HIDROELÉCTRICA DE OUROL. S.L.,18.70
Serra da Loba Ampliación (Pena Revolta),La Coruña,Monfero y Aranga,GAMESA ENERGÍA,14.00
Sil Ampliación (1ª Fase),Ourense,Nogueira de Ramuín,IBERDROLA ENERGÍAS RENOVABLES DE GALICIA. S.A.U.,28.00
Touriñán (Serra do Moncoso),La Coruña,Monfero. Irixoa y Aranga,Serra do Moncoso,24.65
Valsagueiro,La Coruña,Dumbría,DESARROLLOS EÓLICOS DUMBRÍA. S.A.U.,32.50
Xiabre I,Pontevedra,Vilagarcía. Catoira y Caldas de Reis,ENGASA EÓLICA,19.80
Arbo,Pontevedra,Arbo,FERSA (Fomento de Energías Renovables),2.70
Campo das Cruces,Pontevedra,Forcarei,Arcos de Grava. S.L.,1.80
Graiade,La Coruña,Porto do Son,Eólica de Graiade,19.50
Mondoñedo,Lugo,Mondoñedo,FERGO GALICIA VENTO. S.L.,48.40
Nogueira,Ourense,Bande y Verea,IBERDEGA,2.55
O Chao,Lugo,Ourol y Muras,Hidroeléctrica del Arnoya. S.L.,8.00
Pousadoiro - Fonseca (Fase 1),Lugo,Pontenova. A Pastoriza y Riotorto,Sistemas Energéticos A pontenova-riotorto. S.A.U.,23.50
Serra do Páramo,Lugo,O Paramo y Parandela,VIRANDEL,20.00
Vieiro,Ourense,Bande y Verea,IBERDEGA,19.60
Xiabre Ampliación,Pontevedra,Vilagarcía. Catoira y Caldas de Reis,ENGASA EÓLICA,12.00
Xiabre II,Pontevedra,Vilagarcía. Catoira y Caldas de Reis,ENGASA EÓLICA,11.40
As Neves (Parque eólico Singular),Pontevedra,As Neves,FOMENTO DE LAS ENERGÍAS RENOVABLES 2001. S.A.,2.40
Coto de Codesas II,La Coruña,Sobrado y Boimorto,GAS NATURAL FENOSA RENOVABLES,21.25
Couteiro,Lugo,Ourol,Eólicos de Mariña. S.L.,7.80
Cova da Serpe,Lugo,Friol y Guitiriz,Parque eólico Cova da Serpe. S.L.,24.00
Fontesilva,La Coruña,Santa Comba y Coristanco,EÓLICA FONTESILVA. S.L.U.,21.60
Monte arca,Pontevedra,Cuntis y A Estrada,Sistemas Energéticos La Estrada,6.00
Monte rande,La Coruña,Ortigueira,Promotora Eólica de Galicia. S.L.,9.35
Vilachá,Lugo,Ourol y Muras,Sociedad Eólica de Ourol. S.L.,7.80
Alto do Seixal (Farrapa 2ª Fase),Lugo,Abadín. Mondoñedo y A Pastoriza,SISTEMAS ENERGÉTICOS ALTO DO SEIXAL. S.A.U.,30.00
Arteixo,La Coruña,Arteixo,FOMENTO DE LAS ENERGÍAS RENOVABLES 2001. S.A.,2.00
Sil Ampliación (2ª Fase),Ourense,Nogueira de Ramuín,IBERDROLA ENERGÍAS RENOVABLES DE GALICIA. S.A.U.,12.00
Cova da Serpe Ampliación,Lugo,Friol y Guitiriz,Parque eólico Cova da Serpe. S.L.,25.20
Pobra do Caramiñal,La Coruña,Pobra do Caramiñal,Proyectos y Desarrollos Renovables. S.A.,3.00
Porto do Son,La Coruña,Porto do Son,Hidroeléctrica del Freixas. S.L.,3.00
Primer Prototipo experimental NED100 (Villalba),Lugo,Villalba,Norvento Energía Distribuida. S.L.,0.10
Prototipo experimental NED100 con generador comercial (Cervo 1),Lugo,Cervo,Norvento Energía Distribuida. S.L.,0.10
PES Cerceda,La Coruña,Cerceda,FERGO GALICIA VENTO. S.L.,2.55
Prototipo experimental NED100 con generador de diseño propio (Cervo 2),Lugo,Cervo,Norvento Energía Distribuida. S.L.,0.10
Cordal de Montouto,La Coruña,Os Vilares,GAS NATURAL FENOSA RENOVABLES,14.00
Cabo Vilano,La Coruña,Camariñas,Gas Natural SLU,6.00
Fontesilva II,La Coruña,Santa Comba y Coristanco,EÓLICA FONTESILVA. S.L.U.,7.20
Malpica,La Coruña,Malpica de Bergantiños,PARQUE EÓLICO DE MALPICA. S.A. (PEMALSA),16.45
Muxia I,La Coruña,Muxía,EDP Renovables España. S.L.,46.00
Muxia II,La Coruña,Muxía,EDP Renovables España. S.L.,22.00
A Pastoriza,Lugo,A Pastoriza. Mondoñedo y Riotorto,NORVENTO ESTELO S.L.U.,36.00
Cadeira,Lugo,Trabada. Riotorto. A Pontenova y Lourenzá,NORVENTO ESTELO S.L.U.,19.80
Carracedo,Lugo,A Pastoriza y Mondoñedo,NORVENTO ESTELO S.L.U.,9.90
Miñón,La Coruña,Vimiazo,Greenalia. S.A.,24.00
Monciro (fase I y fase II),Lugo,Castroverde y Pol,Naturgy Renovables,41.59
Monte Tourado - Eixe,La Coruña,Vimianzo,Naturgy Wind,39.60
Montes de Abella,Lugo,Láncara,FERGO GALICIA VENTO. S.L.,15.00
Mouriños,La Coruña,Cabana de Bergantiños,Naturgy Wind,9.61
Neda,Lugo,Abadín y A Pastoriza,NORVENTO ESTELO S.L.U.,34.65
Paradela,Lugo,Paradela,Paravento. S.L.,12.00
Pastoriza-Rodeiro,Lugo,A Pastoriza,Naturgy Wind,48.50
Pena Forcada-Catasol II,La Coruña,Laxe,Naturgy Renovables,7.20
Pena Ventosa Reformado,Lugo,Vicedo,ENEL GREEN POWER ESPAÑA S.L.,8.00
Sasdónigas Fase I,Lugo,Mondoñedo,NORVENTO SASDÓNIGAS S.L.,18.00
Sasdónigas Fase II,Lugo,Mondoñedo y Abadín,NORVENTO ESTELO S.L.U.,9.90
Serra das Penas,Lugo,Paradela,ENEL GREEN POWER ESPAÑA S.L.,42.00
Serra do Punago-Vacariza (fase I y fase II),Lugo,Castroverde. Baleira y Baralla,Naturgy Wind,39.60
Zas,La Coruña,Zas / Santa Comba,EDP Renovables España. S.L.,24.00
Alto da Croa,La Coruña,Vimiazo,Greenalia. S.A.,7.30
Alto da Croa II,La Coruña,Vimiazo,Greenalia. S.A.,10.40
Monte Tourado,La Coruña,Vimiazo,Greenalia. S.A.,10.40
Ourol,Lugo,Ourol,Greenalia Wind Power Ourol. S.L.U,22.50
Repotenciación Corme,La Coruña,Ponteceso,EDPR ESPAÑA. SL,18.30
Tarifa II,Cádiz,Tarifa,Alstom-Ecotècnia,0.15
Levantera,Cádiz,Tarifa,AGE GENERACIÓN EÓLICA. S.A.,0.65
Tarifa III,Cádiz,Tarifa,Alstom-Ecotècnia,0.20
La Joya (PEESA),Cádiz,Tarifa,P.E.E.S.A. (PLANTA EÓLICA EUROPEA. S.A.),6.00
Monteahumada I,Cádiz,Tarifa,MADE TECNOLOGÍAS RENOVABLES. S.A.,2.42
Prototipo Ecotécnia (Tarifa),Cádiz,Tarifa,Alstom-Ecotècnia,0.50
Prototipo Ecotècnia Tarifa,Cádiz,Tarifa,Alstom-Ecotècnia,0.60
Enix,Almería,Enix,ENEL GREEN POWER ESPAÑA S.L.,13.20
Tahivilla,Cádiz,Tarifa,DESARROLLOS EÓLICOS DE TARIFA,30.00
El Cabrito / La Locustura (Laese),Cádiz,Tarifa,PROASEGO,1.65
Los Lances,Cádiz,Tarifa,SOCIEDAD EÓLICA LOS LANCES. S.A.,10.68
Los Llanos,Málaga,Casares,EXPLOTACIONES EÓLICAS SIERRA DE UTRERA,19.80
Prototipo DESA Hinojal/Tahivilla,Cádiz,Tarifa,DESARROLLOS EÓLICOS DE TARIFA,0.60
Buenavista,Cádiz,Barbate,DESARROLLOS EÓLICOS DE BUENAVISTA. S.A.,7.80
Los Llanos Ampliación (El Juncal),Málaga,Casares,EXPLOTACIONES EÓLICAS SIERRA DE UTRERA,13.60
Sierra del Trigo (Fase I y II),Jaén,Noalejo,OLIVENTO. S.L.,15.18
Cueva Dorada,Granada,Loja,COMPAÑÍA EÓLICA GRANADINA,16.15
El Granado,Huelva,El Granado,ACCIONA ENERGÍA,14.45
Los Sillones,Granada,Loja,COMPAÑÍA EÓLICA GRANADINA,19.55
Alijar I,Cádiz,Jeréz de la Frontera,Eólico Alijar S.A.,24.00
Cortijo de Iruelas,Cádiz,Tarifa,ACCIONA ENERGÍA,13.60
El Gallego,Cádiz,Tarifa,ACCIONA ENERGÍA,24.00
El Ruedo,Cádiz,Tarifa,ACCIONA ENERGÍA,16.00
La Manga,Cádiz,Tarifa,ACCIONA ENERGÍA,12.00
Las Lomas,Granada,Lanjarón y El Pinar,WINDET EÓLICA ANDALUZA,15.00
Pasada de Tejeda,Cádiz,Tarifa,AEROGENERADORES DEL SUR. S.A.,9.60
Río Almodóvar,Cádiz,Tarifa,ACCIONA ENERGÍA,12.80
Almendarache,Cádiz,Tarifa,WIESA 6,21.00
La Herrería,Cádiz,Tarifa,AEROGENERADORES DEL SUR. S.A.,44.80
Sierra de Aguas,Málaga,Casarabonela y Alora,ARESA,13.60
Tharsis,Huelva,Alosno,Sistemas Energéticos Sierra del Andévalo S.A.U.,4.25
Aviadores,Cádiz,Tarifa,DERROLLOS EÓLICOS ALMARCHAL. S.A.U.,6.00
El Conjuro,Granada,Motril y Gualchos,WINDET EÓLICA ANDALUZA,13.60
El Conjuro,Granada,Motril. Gualchos. Vélez Benaudalla y Lújar,OLIVENTO. S.L.,17.00
El Pino,Cádiz,Los Barrios,Energías Eólicas del Pino. S.L.,24.60
El Sardón,Huelva,El Granado,OLIVENTO. S.L.,25.50
Ignacio Molina,Málaga,Casares,LDV CASARES. S.L.,8.00
La Risa,Cádiz,Tarifa,Desarrollos Eólicos Almarchal. S.A.U.,12.00
Loma de Almendarache,Cádiz,Tarifa,ACCIONA ENERGÍA,12.00
Pedregoso A,Cádiz,Tarifa,EÓLICA EL PEDREGOSO,14.85
Pedregoso B,Cádiz,Tarifa,EÓLICA EL PEDREGOSO,14.85
Pedregoso D,Cádiz,Tarifa,EÓLICA DEL PINO,14.85
Almeriques,Cádiz,Medina Sidonia,Eólica La Janda. S.L.U.,25.72
Bolaños,Cádiz,Jeréz de la Frontera,IBERENOVA PROMOCIONES. S.A.,24.00
Chorreaderos Altos,Cádiz,San José del Valle y Jeréz de la Frontera,IBERDROLA ENERGÍAS RENOVABLES DE ANDALUCÍA,20.59
Chorreaderos Bajos,Cádiz,Jeréz de la Frontera,IBERDROLA ENERGÍAS RENOVABLES DE ANDALUCÍA,30.00
Cortijo de Guerra II,Cádiz,Puerto Real,LDV CORTIJO DE GUERRA. S.L.,28.00
Dólar I,Granada,Huenéja y Dólar,IBERDROLA ENERGÍAS RENOVABLES DE ANDALUCÍA,49.50
Dólar III,Granada,Dólar y Ferreira,IBERDROLA ENERGÍAS RENOVABLES DE ANDALUCÍA,49.50
Doña Benita Cuellar,Cádiz,Jeréz de la Frontera,IBERDROLA ENERGÍAS RENOVABLES DE ANDALUCÍA,32.00
El Bancal,Cádiz,Tarifa,RWE Innogy Aersa. S.A.U.,21.00
El Carrascal I,Almería,Serón y Tíjola,OLIVENTO. S.L.,49.50
El Carrascal II,Almería,Serón y Tíjola,OLIVENTO. S.L.,28.00
El Pandero,Cádiz,Tarifa,ACCIONA ENERGÍA,20.00
El Venzo,Cádiz,Medina Sidonia,IBERENOVA PROMOCIONES. S.A.,8.00
Ferreira II,Granada,Ferreira y La Calahorra,IBERDROLA ENERGÍAS RENOVABLES DE ANDALUCÍA,49.50
Hinojal I,Cádiz,Tarifa,Parque eólico Hinojal. S.L.,13.80
Hinojal II,Cádiz,Tarifa,Parque eólico Hinojal. S.L.,7.40
Huéneja III,Granada,Huenéja,IBERDROLA ENERGÍAS RENOVABLES DE ANDALUCÍA,49.50
La Cerradilla,Almería,Serón y Tíjola,OLIVENTO. S.L.,49.50
La Cerradilla II,Almería,Serón,OLIVENTO. S.L.,22.00
La Torre I,Cádiz,Tarifa,ACCIONA ENERGÍA,16.00
La Valdivia,Sevilla,Osuna,Valdivia Energía Eólica S.A.,28.50
Las Monjas,Cádiz,Medina Sidonia,Eólica La Janda. S.L.U.,26.00
Las Perdices,Almería,Nacimiento,INGENIERÍA VARGAS. S.L.,0.85
Los Alburejos,Cádiz,Medina Sidonia,IBERENOVA PROMOCIONES. S.A.,10.00
Los Isletes,Cádiz,Jeréz de la Frontera,IBERENOVA PROMOCIONES. S.A.,9.94
Los Morrones,Granada,Baza y Zújar,ACCIONA ENERGÍA,30.00
Los Siglos,Cádiz,Tarifa,RWE Innogy Aersa. S.A.U.,18.00
Rancho Viejo,Cádiz,Medina Sidonia,Eólica La Janda. S.L.U.,14.40
Tacica de Plata,Almería,Abla y Las Tres Villas,Sistemas Energéticos Tacica de Plata,26.00
Zarzuela II,Cádiz,Tarifa,Parque eólico Hinojal. S.L.,14.80
Zorreras,Cádiz,Medina Sidonia,IBERDROLA RENOVABLES ANDALUCÍA,32.00
Zorreras (las),Cádiz,Tarifa,PROASEGO,21.50
Altamira,Málaga,Ardales,GAMESA ENERGÍA,49.30
Cerro de la Higuera,Málaga,Ardales y Teba,Sistemas Energéticos de la Higuera,44.00
Cerro Durán,Sevilla,Los Corrales. El Saucejo y Almargen,Eólica Guadalteba. S.L.U.,45.00
Cortijo de Guerra I,Cádiz,Puerto Real,Parque eólico Puerto Real. S.L.,40.80
Cortijo La Linera,Málaga,Campillos y Teba,Sistemas Energéticos de la Linera,28.00
El Colmenar II,Almería,Abrucena y Fiñana,AL ANDALUS WIND POWER,28.00
La Cuesta,Málaga,Campillos,Eólica Guadalteba. S.L.U.,27.20
La Escalereta,Málaga,Cañete la Real,Eólica Guadalteba. S.L.U.,5.80
La Nava,Málaga,Cañete la Real,Eólica Guadalteba. S.L.U.,27.20
La Tahuna,Cádiz,Tarifa,PROASEGO,21.50
Llanos del Espino,Málaga,Almargen y Teba,ACCIONA ENERGÍA,38.00
Loma de Lázaro,Cádiz,Alcalá de los Gazules,ACCIONA ENERGÍA,16.00
Nacimiento,Almería,Nacimiento,SISTEMAS ENERGÉTICOS NACIMIENTO,23.80
PESUR Fase 1 (Repotenciado),Cádiz,Tarifa,SOCIEDAD EÓLICA DE ANDALUCÍA. S.A.,24.00
Puerto de Málaga,Málaga,Ardales,Iberanda,12.00
Puerto Facinas,Cádiz,Tarifa,Eólica La Janda. S.L.U.,12.00
Viento de Alcalá,Cádiz,Alcalá de los Gazules,ACCIONA ENERGÍA,42.00
Cantalejos,Sevilla,Osuna,Eólica Guadalteba. S.L.U.,14.00
Cerro Gavira,Málaga,Campillos y Sierra de Yeguas,ACCIONA ENERGÍA,41.65
EEE (Repotenciado),Cádiz,Tarifa,SOCIEDAD EÓLICA DE ANDALUCÍA. S.A.,32.00
El Álamo,Málaga,Campillos,Eólica Guadalteba. S.L.U.,36.00
El Centenar,Huelva,Puebla de Guzmán,Iberdrola Renovables,40.00
El Olivillo,Cádiz,Jeréz de la Frontera,SUN EUROPEAN INVESTMENTS EOLICO OLIVILLO. S.A.U.,25.50
El Saucito (Fase B),Huelva,El Almendro,IBERDROLA RENOVABLES,30.25
Gomera (Fase A),Sevilla,Osuna,Sistemas Energéticos Gomera,12.00
Jaufil,Granada,Zújar,Parque Eólico Jaufíl. S.L.,4.00
Jerez,Cádiz,Jeréz de la Frontera,WIGEP Andalucía. S.A.,46.20
La Castellana,Cádiz,Puerto Real,ACCIONA ENERGÍA,46.00
La Noguera,Almería,Turrillas y Lucainena de las Torres,AL ANDALUS WIND POWER,28.90
La Retuerta (Fase B),Huelva,El Almendro,Sistemas Energéticos La Retuerta,38.00
La Victoria,Cádiz,Chiclana de la Frontera,VIESGO Renovables,23.21
Las Cabezas (Fase B),Huelva,Puebla de Guzmán,Sistemas Energéticos Las Cabezas,17.40
Las Lomillas,Almería,Abrucena,UNIWINDET. S.L.,12.00
Las Vegas,Cádiz,Medina Sidonia,AL ANDALUS WIND POWER,22.00
Lecrín,Granada,Lecrín,Parque Eólico Lecrín. S.L.,12.00
Loma de Ayala,Almería,Alboloduy,UNIWINDET. S.L.,19.50
Lomas de Lecrín,Granada,Lecrín,Parque Eólico Lomas de Lecrín. s.l.,2.00
Lomas de Manteca,Granada,Lecrín,Parque Eólico Lomas de Manteca. S.L.,4.00
Los Isletes,Cádiz,San José del Valle y Jeréz de la Frontera,AL ANDALUS WIND POWER,25.30
Los Jarales,Almería,Abla,UNIWINDET. S.L.,16.50
Majal Alto,Huelva,Puebla de Guzmán y El Almendro,Iberdrola Renovables,50.00
Menaute,Málaga,Campillos,ENEL GREEN POWER ESPAÑA S.L.,37.40
Mostaza,Cádiz,Vejer de la Frontera,Eólica La Janda. S.L.U.,18.00
Padul,Granada,Padul,ENEL GREEN POWER ESPAÑA S.L.,18.00
PESUR Fase 2 (Repotenciado),Cádiz,Tarifa,SOCIEDAD EÓLICA DE ANDALUCÍA. S.A.,18.00
Puerto de Málaga Ampliación,Málaga,Ardales. Carratraca,ARESA,12.85
Roalabota,Cádiz,Jeréz de la Frontera,SUN EUROPEAN INVESTMENTS EOLICO OLIVILLO. S.A.U.,28.05
Serón I,Almería,Serón,Eyra,49.50
Serón II,Almería,Serón,AL ANDALUS WIND POWER,10.00
Tallisca,Huelva,El Almendro,Sistemas Energéticos La Tallisca,40.00
Tejonero,Cádiz,Vejer de la Frontera,Eólica La Janda. S.L.U.,32.00
Tíjola,Almería,Tíjola,AL ANDALUS WIND POWER,36.00
Tres Villas,Almería,Las Tres Villas,UNIWINDET. S.L.,49.50
Valdefuentes,Huelva,El Almendro,Sistemas Energéticos Valdefuentes,28.00
El Puntal,Málaga,Sierra de Yeguas,Sociedad Eólica El Puntal. S.L.,26.00
La Rabia,Cádiz,Jeréz de la Frontera,GECAL. S.A,21.71
Los Barrancos,Málaga,Campillos,ENEL GREEN POWER ESPAÑA S.L.,20.00
Los Lirios,Huelva,San Silvestre de Gúzman,AGE GENERACIÓN EÓLICA. S.A.,48.00
Sierra de Aguas Ampliación,Málaga,Casarabonela y Alora,ARESA,1.70
Los Granujales,Cádiz,Vejer de la Frontera,ENEL GREEN POWER ESPAÑA S.L.,24.00
Monte Gordo,Huelva,Ayamonte y Villablanca,EOLICA DEL GUADIANA. S.L.,48.00
Sierra de Arcas,Málaga,Villanueva de Algaidas,LUZ DE VIENTO. S.L.U.,20.00
Cerro Conilete,Cádiz,Vejer de la Frontera,Eólica La Janda. S.L.U.,9.00
Cortijo de Guerra I Ampliación,Cádiz,Puerto Real,Parque eólico Puerto Real. S.L.,1.20
Gomera (Fase A),Sevilla,Osuna,Sistemas Energéticos Gomera,6.00
La Cámara,Málaga,Ardales y Teba,GAMESA ENERGÍA,18.00
Las Monjas Fase II,Cádiz,Medina Sidonia,Eólica La Janda. S.L.U.,8.00
Loma del Capón,Granada,Albuñuelas,Sinia Renovables. S.C.R.R.S.,30.60
Loma del Suyal (Fase A),Cádiz,Vejer de la Frontera,Eólica La Janda. S.L.U.,4.00
Loma del Suyal (Fase B),Cádiz,Vejer de la Frontera,Eólica La Janda. S.L.U.,4.00
Lomas de las Peñuelas,Cádiz,Vejer de la frontera,Eólica La Janda. S.L.U.,9.00
Palomarejo,Sevilla,Écija,ALDESA EÓLICO PALOMAREJO. S.A.U.,30.00
Santa María de Nieva Fase I,Almería,Velez-Rubio,Explotaciones eólicas Vélez Rubio. S.L.,14.00
Santa María de Nieva Fase II,Almería,Velez-Rubio y Huercal-Overa,Explotaciones eólicas Vélez Rubio. S.L.,34.50
Valcaire,Granada,Padul,SINERGIA ANDALUZA. S.L.,16.00
Las Angosturas,Málaga,Campillos y Tella,ENEL GREEN POWER ESPAÑA S.L.,36.00
Los Madroñales,Málaga,Almargen y El Saucejo,ENEL GREEN POWER ESPAÑA S.L.,34.00
Parque Eólico Experimental Cerros Pelaos,Granada,Padul,Unión Eólica Andaluza. S.L.,3.00
Parque Eólico Experimental San José,Granada,Huéneja,Unión Eólica Andaluza. S.L.,1.50
El Cabrito /KW Tarifa Fase I,Cádiz,Tarifa,ACCIONA ENERGIA,6.00
El Cabrito /KW Tarifa Fase II,Cádiz,Tarifa,ACCIONA ENERGIA,24.00
Alijar II,Cádiz,Jerez de la Frontera,Cepsa,28.80
El Marquesado,Cádiz,Puerto Real,VIESGO EUROPA (Grupo Viesgo),24.00
El Tesorillo,Cádiz,Jimena de la Frontera,Naturgy Renovables,26.00
La Estancia,Cádiz,Vejer de la Frontera,Alfanar Energy,7.88
Los Arcos,Málaga,Campillos. Teba y Almargen,ENEL GREEN POWER ESPAÑA S.L.,34.65
Mamut,Granada,Padul,Energía Eóilca Mamut. S.L.,2.40
La Escalereta Fase II,Málaga,Cañete la Real,Parque Eólico Cañete. S.L.U.,23.63
El Almendro,Huelva,El Almendro,PARQUE EÓLICO EL ALMENDRO. S.L.,43.50
El Perdón,Navarra,Zariquiegui y Astráin,ACCIONA ENERGÍA,20.30
Leitza/Beruete,Navarra,Beruete y Leitza,ACCIONA ENERGÍA,19.20
San Martín de Unx,Navarra,San Martín de Unx,ACCIONA ENERGÍA,24.60
Leoz,Navarra,Leoz y San Martin de Unx,ACCIONA ENERGÍA,24.66
Lerga,Navarra,Lerga,ACCIONA ENERGÍA,25.08
Alaiz y ampliación,Navarra,Olóriz y Unzué,ACCIONA ENERGÍA,33.09
Echagüe,Navarra,Olóriz. Unzué y Monreal,ACCIONA ENERGÍA,23.95
Izco,Navarra,Lumbier. Aibar y Ezprogui,ACCIONA ENERGÍA,33.00
San Gregorio,Navarra,Cabanillas,EÓLICA CABANILLAS. S.L.,15.00
Serralta,Navarra,Cabanillas,EÓLICA CABANILLAS. S.L.,15.00
Aibar,Navarra,Aibar,ACCIONA ENERGÍA,36.84
Peña Blanca I,Navarra,Leoz,ACCIONA ENERGÍA,14.52
Salajones,Navarra,Aibar y Lumbier,ACCIONA ENERGÍA,19.14
San Esteban I A,Navarra,Añorbe y Tirapu,Dessarrollo de Energías Renovables de Navarra,24.42
Aizkibel,Navarra,Galar,ACCIONA ENERGÍA,12.52
Caparroso,Navarra,Caparroso,EÓLICA CAPARROSO. S.L.,32.25
La Bandera,Navarra,Fustiñana. Cabanillas y Bardenas Reales,EÓLICA LA BANDERA. S.L.,30.10
Montes de Cierzo I,Navarra,Tudela,EÓLICA MONTES CIERZO. S.L.,28.70
Montes de Cierzo II,Navarra,Tudela,EÓLICA MONTES CIERZO. S.L.,30.80
Serralta Ampliación,Navarra,Cabanillas,EÓLICA CABANILLAS. S.L.,1.50
Sierra Selva I,Navarra,Petilla de Aragón,ACCIONA ENERGÍA,14.85
Villanueva,Navarra,Puente la Reina y Arraiza,EÓLICA DE VILLANUEVA S.L.,19.80
Ibargoiti,Navarra,Ibargoiti. Leoz y Ezprogui,ACCIONA ENERGÍA,28.08
La Bandera Ampliación,Navarra,Fustiñana. Cabanillas y Bardenas Reales,EÓLICA LA BANDERA. S.L.,1.25
Peña Blanca II,Navarra,Leoz y Tafalla,ACCIONA ENERGÍA,36.47
Caluengo,Navarra,Peralta y Funes,DESARROLLOS DE ENERGÍAS RENOVABLES DE NAVARRA,49.50
Las Llanas de Codés (Aras),Navarra,Aguilar de Codés. Viana y Azuelo,ACCIONA ENERGÍA,33.00
Las Llanas de Codés I (Aguilar),Navarra,Aguilar de Codés. Viana y Azuelo,ACCIONA ENERGÍA,50.00
Las Llanas de Codés II (Azuelo),Navarra,Aguilar de Codés. Azuelo. Marañón. Lapoblación y Bargota,ACCIONA ENERGÍA,43.20
Los Cerros (Unzué),Navarra,Unzué,EÓLICA UNZUÉ. S.L.,4.50
Txutxu,Navarra,Ujue,ACCIONA ENERGÍA,17.40
La Campaña Experimental,Navarra,Pueyo,EÓLICA PUEYO. S.L.,4.95
La Fraila,Navarra,Olite,MTORRES DESARROLLOS ENERGÉTICOS. S.L.,4.50
Moncayuelo,Navarra,Falces,ACCIONA ENERGÍA,48.00
San Esteban II A - Añorbe,Navarra,Biurrun-Olcoz y Unzué,Dessarrollo de Energías Renovables de Navarra,11.05
Uzkita,Navarra,Leoz,DESARROLLOS DE ENERGÍAS RENOVABLES DE NAVARRA,24.65
TRANSPORTE,Navarra,Falces,ACCIONA ENERGÍA,49.50
La Calera Experimental,Navarra,Enériz,M Torres Desarrollos Energéticos S.L.,4.95
Lomba Experimental,Navarra,Lodosa,M Torres Desarrollos Energéticos S.L.,4.95
San Esteban II B - Olcoz,Navarra,Biurrun-Olcoz y Unzué,Dessarrollo de Energías Renovables de Navarra,16.00
San Esteban I B - Egastiaga,Navarra,Artajona,Dessarrollo de Energías Renovables de Navarra,6.00
San Esteban II C - Caraquidoya,Navarra,Biurrun-Olcoz y Unzué,Dessarrollo de Energías Renovables de Navarra,15.00
Caparroso,Navarra,Caparroso,EÓLICA CAPARROSO. S.L.,1.60
La Caya (Experimental),Navarra,Olite,M Torres Desarrollos Energéticos S.L.,4.95
Peña Blanca Area Experimental,Navarra,Puello. Tafalla y Leoz,ACCIONA ENERGÍA,3.00
La Sorda,Navarra,Tafalla y Artajona,M TORRES DISEÑOS INDUSTRIALES. S.A.,6.60
Parque Eólico Experimental Las Balsas-Sierra de Alaiz,Navarra,Monreal y Noain,CENER,11.50
Área Experimental de Barásoain,Navarra,Barásoain,ACCIONA Windpower,15.00
Área Experimental de Vedadillo,Navarra,Falces,ACCIONA ENERGIA,9.00
Barasoain,Navarra,Barasoain,Naturgy,36.30
Ablitas,Navarra,Ablitas,Eólica Ablitas S.L.,40.00
Cabanillas II,Navarra,Cabanillas,Eólica Valdetellas S.L.,50.00
Cavar 1,Navarra,Cadreita y Valtierra,Renovables de la Ribera. S.L.,27.72
Cavar 2,Navarra,Cadreita y Valtierra,Renovables de la Ribera. S.L.,27.72
Cavar 3A,Navarra,Valtierra,Renovables de la Ribera. S.L.,27.72
Cavar 3B,Navarra,Valtierra,Renovables de la Ribera. S.L.,27.72
Tirapu,Navarra,Añorbe y Artajona,Naturgy Renovables,13.20
Valle,Navarra,Cortes,Sociedad promotora:,48.50
Pebesa (Baix Ebre),Tarragona,Tortosa,PARC EOLIC BAIX EBRE. S.A.,4.05
La Llacuna,Barcelona,Término Municipal:,Sociedad promotora:,0.23
Trucafort,Tarragona,Pradell de la Teixeta. L´Argentera. La Torre de Fontaubella y Colldejou,SOCIETAT EÓLICA L'ENDERROCADA,29.85
Les Colladetes,Tarragona,El Perelló,ENERVENT. S.A.,36.63
Les Calobres,Tarragona,El Perelló,ELECTRA MESTRAL. S.L.,12.75
Mas de la Potra,Tarragona,Duesaigües i Pradell de la Teixeta,ESBRUG. S.L.,2.60
Collet deis Feixos,Tarragona,Duesaigües,ESBRUG. S.L.,7.92
Serra de Rubió I,Barcelona,Serra de Rubió y Castellfollit del Boix,ACCIONA ENERGÍA,49.50
Ecovent CAT II y III,Tarragona,Tortosa,ECOVENT PARC EOLIC,48.10
Les Comes,Tarragona,Vilalba dels Arcs,Parc Eòlic Les Comes S.L.,3.00
Tortosa (Coll d´Alba),Tarragona,Tortosa,ACCIONA ENERGÍA,29.90
El Motarro,Tarragona,Vandellòs i L´Hospitalet de L´Intant,EÓLICA DEL MONTALT,2.64
Serra de Rubió II,Barcelona,Serra de Rubió y Castellfollit del Boix,ACCIONA ENERGÍA,25.50
Serra de Vilobí,Lleida,Tarrés y Fulleda,ACCIONA ENERGÍA,40.50
Serra del Tallat,Lleida,Vallbona de Les Monges y Passanat,ACCIONA ENERGÍA,49.50
La Collada,Tarragona,El Perelló,GENERACIÓ D'ENERGIA (Eòlica del Perelló. SL),3.00
Les Forques,Tarragona,Passanant. Vallbona de Les Monges y Espuga de Francoli,GERR GRUPO ENERGÉTICO XXI. S.A.,30.00
Montargull,Lleida,Talavera (Lleida) y Llorat (Tarragona),GERRSA,30.00
Montargull Ampliación,Lleida,Talavera (Lleida). Llorat y Santa Coloma de Queralt (Tarragona),GERRSA,14.00
Conesa I,Tarragona,Conesa,GERR GRUPO ENERGÉTICO XXI. S.A.,30.00
Mudéfer II,Tarragona,Caseres,SOCIEDAD CATALANA D´ENERGIES RENOVABLES (CATER) (PARC EOLIC MUDEFER. S.L.),12.60
Serra Voltorera,Tarragona,Cabra del Camp. Barberà de la Conca. Montblanc y Pira,Parc Eólic Serra Voltorera. S.L.U.,16.00
Vilalba,Tarragona,Vilalba dels Arcs,Bon Vent de Vilalba. S.L.U.,48.00
Alta Anoia,Tarragona,Pujalt. Veciana. Prats de Rei y Calonge de Segarra,CIVIS CORPORACIÓN,28.00
Corbera,Tarragona,Corbera D´Ebre,Eólica La Janda. S.L.U.,49.20
Mudéfer,Tarragona,Caseres,SOCIEDAD CATALANA D´ENERGIES RENOVABLES (CATER) (PARC EOLIC MUDEFER. S.L.),45.00
Parc Eolic Almatret,Lleida,Almatret,Element Power,49.40
Pujalt,Tarragona,Pujalt y Calonge de Segarra,Parque Eólico Pujalt. s.l.,42.00
Sant Antoni,Lleida,La Granadella,Parc Eolic Sant Antoni. S.L.,50.00
Savallá,Tarragona,Savallá del Comtat,GERR GRUPO ENERGÉTICO XXI. S.A.,18.00
Turó del Magre,Barcelona,Pujalt. Veciana. Argencola (Barcelona ) y Sant Guim de Freixenet (Lleida),Parque Eólico Turó del Magre. SL,28.00
Veciana,Barcelona,Veciana,PARC EÒLIC VECIANA - CABARO. S.L.,29.27
Vilalba dels Arcs,Tarragona,Vilalba dels Arcs,PARC EOLIC VILALBA DELS ARCS. S.L.U.,24.00
Coll de la Garganta,Tarragona,El Molar. Torre del Español y La Figuera,Parc Eolic Coll de la Garganta. S.L.U.,21.71
Conesa II,Tarragona,Conesa y Forés,GERR GRUPO ENERGÉTICO XXI. S.A.,32.00
La Fatarella,Tarragona,La Fatarella,Bon Vent de l'Ebre. S.L.U.,48.00
Torre Madrina (Fase A),Tarragona,Batea y Gandesa,Parc Eolic Torre Madrina. S.L.U.,24.00
Torre Madrina (Fase B),Tarragona,Batea y Gandesa,Parc Eolic Torre Madrina. S.L.U.,24.00
Barbers,Tarragona,Ascó,TARRACO EÓLICA ASCÓ. S.A.,30.00
Coll de Moro I y II,Tarragona,Batea. Gandesa. Bot y Vilalba dels Arcs,Parc Eolic Coll de Moro. S.L.U.,48.00
Coll del Panissot,Lleida,Almatret,Parc Eólic Coll de Panissot. S.L.U.,9.00
Els Escambrons,Lleida,Almatret,ACCIONA ENERGÍA,48.00
Les Forques II,Tarragona,Passanat,GERR GRUPO ENERGÉTICO XXI. S.A.,12.00
Les Rotes,Lleida,Bellaguarda y La Granadella,TARRACO EÓLICA LES GARRIGUES DOS. S.A.,44.00
Monclues,Lleida,La Granadella,TARRACO EÓLICA LES GARRIGUES. S.A.,30.00
Serra de Vilobí II,Lleida,Tarrés,ACCIONA ENERGÍA,9.00
Viure de l'Aire del Cel,Barcelona,Pujalt,Eolop. S.L.,2.35
La Cabrera I,Valencia,Buñol,ACILOE,2.64
La Cabrera II,Valencia,Buñol,ACILOE,14.45
La Cabrera Ampliación,Valencia,Buñol,ACILOE,3.40
Arriello,Castellón,Castellfort. Villafranca del Cid y Ares del Maestre,RENOMAR,49.50
Folch II,Castellón,Castellfort,RENOMAR,15.00
Manzanera,Castellón,Olocau del Rey,RENOMAR,25.50
Muela de Todolella,Castellón,Olocau del Rey y Todolella,RENOMAR,40.50
Refoyas,Castellón,Forcall y Todolella,RENOMAR,49.50
Torre Miró I,Castellón,Morella,RENOMAR,49.50
Torre Miró II,Castellón,Morella,RENOMAR,49.50
Alto Casillas I,Castellón,Barracas y Viver,ENEL GREEN POWER ESPAÑA S.L.,30.00
Alto Palancia I,Castellón,Barracas y Viver,PROYECTOS EÓLICOS VALENCIANOS,26.00
Alto Palancia II,Castellón,Barracas y Viver,PROYECTOS EÓLICOS VALENCIANOS,46.00
Cabrillas,Castellón,Portell de Morella,RENOMAR,28.50
Folch I,Castellón,Castellfort,RENOMAR,49.50
Mazorral y Rajola,Castellón,Barracas y El Toro,PROYECTOS EÓLICOS VALENCIANOS,28.05
Plá d´Embalagué,Castellón,Portell de Morella,RENOMAR,37.50
Alto Casillas II,Castellón,Pina de Montalgrao,ENEL GREEN POWER ESPAÑA S.L.,30.00
El Mulatón,Valencia,Ayora,Corporación Acciona Eólica,38.00
La Solana,Valencia,Ayora,Corporación Acciona Eólica,44.20
Rincón del Cabello,Valencia,Ayora,Corporación Acciona Eólica,40.00
Alto Palancia III,Castellón,Barracas y Viver,Corporación Acciona Eólica,32.00
Boira,Valencia,Jarafuel,ACCIONA EÓLICA DE LEVANTE,34.50
Cerro de la Nevera,Valencia,La Yesa. Chelva y Andilla,RENOMAR,31.50
Las Bodeguillas,Valencia,Ayora,Corporación Acciona Eólica,36.55
Losilla,Valencia,Ayora,ACCIONA EÓLICA DE LEVANTE,24.00
Peñas de Dios I,Valencia,Andilla,RENOMAR,39.00
Peñas de Dios II,Valencia,Andilla. Chelva y Calles,RENOMAR,28.50
Villanueva I,Valencia,Jarafuel,Parques eólicos de Villanueva. S.L.U.,48.30
Villanueva II,Valencia,Jarafuel,Parques eólicos de Villanueva. S.L.U.,18.40
Benalaz I,Valencia,Enguera,ACCIONA EÓLICA DE LEVANTE,37.50
Benalaz II,Valencia,Enguera,ACCIONA EÓLICA DE LEVANTE,3.00
Benalaz II,Valencia,Enguera,ACCIONA EÓLICA DE LEVANTE,13.50
El Viudo,Valencia,La Yesa,Santa Catalina. S.L.,40.00
El Viudo II,Valencia,La Yesa,Santa Catalina. S.L.,26.00
Muela de Santa Catalina - Cerro Negro,Valencia,Aras de los Olmos,Santa Catalina. S.L.,25.50
Salomón,Valencia,Enguera,ACCIONA EÓLICA DE LEVANTE,37.50
Cerro Negro,Valencia,Aras de los Olmos,Santa Catalina. S.L.,16.00
Cofrentes,Valencia,Cofrentes,Parque Eolico Cofrentes SLU,49.79
Pico Gallo,Asturias,Tineo,VIESGO Renovables,24.42
La Bobia - San Isidro,Asturias,Villanueva de Oscos,TERRANOVA ENERGY CORP.. S.A.,49.30
Sierra de la Cuesta,Asturias,Grandas de Salime,PARQUES EÓLICOS DEL CANTÁBRICO. S.A.,7.92
Sierra de los Lagos,Asturias,Allande,PARQUES EÓLICOS DEL CANTÁBRICO. S.A.,38.94
El Acebo,Asturias,Grandas de Salime,PARQUES EÓLICOS DEL CANTÁBRICO. S.A.,17.82
Penouta,Asturias,Boal,Electra Norte. SAU,5.95
Sierra de Bodenaya,Asturias,Salas,VIESGO Renovables,18.00
Belmonte,Asturias,Belmonte de Miranda,PARQUE EÓLICO BELMONTE. S.A.,34.85
Allo d´Abara,Asturias,El Franco y Coaña,ACCIONA ENERGÍA,6.00
Baos y Pumar Fase I,Asturias,Salas. Valdes y Cudillero,EÓLICA CURISCAO PUMAR. S.A.,30.60
Curiscao Fase I,Asturias,Salas y Valdes,EÓLICA CURISCAO PUMAR. S.A.,42.50
Chao das Grallas,Asturias,Villanueva de Oscos,Alto de Abara. S.L.U.,28.00
Baos y Pumar Fase II,Asturias,Salas. Valdes y Cudillero,EÓLICA CURISCAO PUMAR. S.A.,9.35
Curiscao Fase II,Asturias,Salas y Cudillero,EÓLICA CURISCAO PUMAR. S.A.,6.80
Sierra de Tineo,Asturias,Tineo,VIESGO Renovables,44.00
Carondio y Muriellos,Asturias,Allande y Villayón,P.E.S. MADERO,50.00
Peña del Cuervo,Asturias,Las Regueras y Candamo,PARQUE EÓLICO LAS REGUERAS S.L.U.,16.00
El Candal,Asturias,Boal y Castropol,PRODUCCIONES ENERGÉTICAS ASTURIANAS. S.L.,38.00
El Segredal,Asturias,Villayón,CANTABER GENERACIÓN EÓLICA. S.L.,36.00
Xunqueira,Asturias,San Tirso de Abres,Xunqueira Eólica. s.l.,9.00
Parque Eólico de Investigación Villanueva,Asturias,Villanueva de Oscos,ACCIONA Windpower,6.00
Capiechamartín,Asturias,Tineo. Valdés. Villayón,Parque Eólico Capiechamartín. S.L.,34.13
Cordel&Vidural,Asturias,Navia. Valdés. Villayón,Parque Eólico Cordel y Vidural. S.L.,34.13
Panondres,Asturias,Valdés y Villayón,Parque Eólico Panondres. S.L.,21.00
Verdigueiro,Asturias,Tineo. Villayón,Parque Eólico Verdigueiro. S.L.,36.75
Yerga I,La Rioja,Alfaro y Autol,Eólicas de La Rioja,24.42
Cabimonteros,La Rioja,Robles del Arnedillo. Ocón y Robres del Castillo,Desarrollo de energías Renovables de la Rioja. S. A. (DERRIOJA),49.50
Escurrillo,La Rioja,Villaroya. Quel y Autol,Desarrollo de energías Renovables de la Rioja. S. A. (DERRIOJA),49.50
Gatún I,La Rioja,Arnedillo. Robres del Castillo y Ocón,MOLINOS DE CIDACOS. S.A.,49.50
Yerga II,La Rioja,Alfaro y Autol,Eólicas de La Rioja,30.60
Alcarama I,La Rioja,Cervera del Río Alhama,SISTEMAS ENERGÉTICOS ALHAMA-LINARES,6.80
Alcarama II,La Rioja,Cervera del Río Alhama,SISTEMAS ENERGÉTICOS ALHAMA-LINARES,45.05
Gatún II (1F),La Rioja,Arnedillo. Robres del Castillo y Ocón,MOLINOS DE CIDACOS. S.A.,16.50
Munilla La-Santa,La Rioja,Hornillos. Munilla y Zarzosa,MOLINOS DE CIDACOS. S.A.,36.00
Raposeras,La Rioja,Pradejón y Calahorra,Sociedad promotora:,39.00
Larriba,La Rioja,Munilla. Hornillos de Cameros y Ajamil,MOLINOS DE CIDACOS S.A.,32.00
Préjano,La Rioja,Préjano y Enciso,MOLINOS DE LA RIOJA,29.75
Igea,La Rioja,Igea,MOLINOS DE LA RIOJA,28.00
Munilla Ampliación,La Rioja,Munilla. Zarzosa. Robres del Castillo. Hornillos de Cameros y Arnedillo,MOLINOS DE CIDACOS. S.A.,10.00
Ascoy I,Murcia,Cieza,ELECDEY ASCOY,5.94
La Unión,Murcia,La Unión,P. EÓLICO LA UNIÓN,5.28
Ascoy II,Murcia,Cieza,ELECDEY ASCOY,1.70
Sierra del Buey,Murcia,Jumilla,ENERGÍAS RENOVABLES DE LA REGIÓN DE MURCIA (ERRM),19.55
Gavilanes,Murcia,Yecla,ENERGÍAS RENOVABLES DE LA REGIÓN DE MURCIA (ERRM),16.50
Instalación eólica Universidad de Murcia,Murcia,Término Municipal:,UNIVERSIDAD DE MURCIA,0.05
Gavilanes Ampliación,Murcia,Yecla,ENERGÍAS RENOVABLES DE LA REGIÓN DE MURCIA (ERRM),6.00
Gavilanes Ampliación,Murcia,Yecla,ENERGÍAS RENOVABLES DE LA REGIÓN DE MURCIA (ERRM),15.30
Almendros I,Murcia,Jumilla,ENERGÍAS RENOVABLES DE LA REGIÓN DE MURCIA (ERRM),20.04
Almendros II,Murcia,Jumilla,ENERGÍAS RENOVABLES DE LA REGIÓN DE MURCIA (ERRM),28.00
Reventones,Murcia,Jumilla,ENERGÍAS RENOVABLES DE LA REGIÓN DE MURCIA (ERRM),34.00
Sierra Lácera,Murcia,Yecla,ELECDEY MURCIA. S.A.,37.60
La Tella,Murcia,Jumilla,Promociones Eólicas del Altiplano. S.A,50.00
Sierra de las Cabras,Murcia,Jumilla,ERMurcia,22.00
Elgea,Álava,Onati y Aretxabaleta,EÓLICAS DE EUSKADI,24.42
Elgea Ampliación,Guipúzkoa,Onati y Aretxabaleta,EÓLICAS DE EUSKADI,2.55
Elgea-Urkilla,Álava,Barundia y Donemiliaga,EÓLICAS DE EUSKADI,32.30
Oiz,Vizcaya,Bérriz y Munitibar,EÓLICAS DE EUSKADI,25.50
Badaia,Álava,Kuartango. Ribera Alta e Iruña Oka,EÓLICAS DE EUSKADI,49.98
El Abra,Vizcaya,Puerto de Bilbao (Zierbena),ACCIONA ENERGÍA,10.00
Oiz Ampliación,Vizcaya,Mallabia y Berriz,EÓLICAS DE EUSKADI,8.50
Merengue,Cáceres,Plasencia,Naturgy Renovables,39.38
Cañoneras,Cantabria,Ramales de la Victoria,EÓLICA 2000. S.L.,17.85
Cañoneras II,Cantabria,Soba,EÓLICA 2000. S.L.,14.45
Monte Cotío (Parque Eólico Experimental Vestas Cantabria),Cantabria,Reinosa,VESTAS,3.00
Es Milá,Baleares,Menorca,CONSORCI PER A LA GESTIO DE RESIDUS,3.20
Molino nº 153 - Prop. D MICAELA SERVERA,Baleares,Término Municipal:,AYUNTAMIENTO DE CAMPOS,0.00
Molino nº 155 - DE D LUISA FULLANA,Baleares,Término Municipal:,AYUNTAMIENTO DE CAMPOS,0.00
Molino nº 176 - S HORT DE CAN PESAL,Baleares,Término Municipal:,AYUNTAMIENTO DE CAMPOS,0.01
Molino nº 202 - S HORT DE SA PUNTA D EN POMARET,Baleares,Término Municipal:,AYUNTAMIENTO DE CAMPOS,0.00
Molino nº 21 - S'Hort de Son Coves,Baleares,Término Municipal:,AYUNTAMIENTO DE CAMPOS,0.00
Molino nº 215 - SA CANOVETA,Baleares,Término Municipal:,AYUNTAMIENTO DE CAMPOS,0.00
Molino nº 23 - Es Camp Roig,Baleares,Término Municipal:,AYUNTAMIENTO DE CAMPOS,0.00
Molino nº 231 - SA CANOVA,Baleares,Término Municipal:,AYUNTAMIENTO DE CAMPOS,0.01
Molino nº 238 - SA VINYA DE SA CANOVA,Baleares,Término Municipal:,AYUNTAMIENTO DE CAMPOS,0.00
Molino nº 284 - S HORT D EN PALLISETA,Baleares,Término Municipal:,AYUNTAMIENTO DE CAMPOS,0.00
Molino nº 300 - DE CAN NADAL,Baleares,Término Municipal:,AYUNTAMIENTO DE CAMPOS,0.01
Molino nº 308 - D EN MAS MAS,Baleares,Término Municipal:,AYUNTAMIENTO DE CAMPOS,0.01
Molino nº 324 - S HORT DES TORRER,Baleares,Término Municipal:,AYUNTAMIENTO DE CAMPOS,0.01
Molino nº 327 - CAN PISCULI,Baleares,Término Municipal:,AYUNTAMIENTO DE CAMPOS,0.01
Molino nº 328 - Prop. D. MIGUEL RIGO RIGO,Baleares,Término Municipal:,AYUNTAMIENTO DE CAMPOS,0.01
Molino nº 364- ES PALMER,Baleares,Término Municipal:,AYUNTAMIENTO DE CAMPOS,0.01
Molino nº 366- ES PALMER/2,Baleares,Término Municipal:,AYUNTAMIENTO DE CAMPOS,0.01
Molino nº 580- C AN VERGER,Baleares,Término Municipal:,AYUNTAMIENTO DE CAMPOS,0.00
Molino nº 117 - CAN NOFRE MAS,Baleares,Término Municipal:,AYUNTAMIENTO DE CAMPOS,0.01
Molino nº 125 - S'Hort d'en Guillem Besso,Baleares,Término Municipal:,AYUNTAMIENTO DE CAMPOS,0.01
Molino nº 133 - SHORT D EN PUIG,Baleares,Término Municipal:,AYUNTAMIENTO DE CAMPOS,0.00
Molino nº 137 - SHORT D EN GROC,Baleares,Término Municipal:,AYUNTAMIENTO DE CAMPOS,0.01
Molino nº 139 - Prop. D Francisca Fullana,Baleares,Término Municipal:,AYUNTAMIENTO DE CAMPOS,0.01
Molino nº 141 - CAN PAULO,Baleares,Término Municipal:,AYUNTAMIENTO DE CAMPOS,0.01
Molino nº 142 - CAMI DE SA PEDRA REDONA,Baleares,Término Municipal:,AYUNTAMIENTO DE CAMPOS,0.01
Molino nº 143 - Prop. D SEBASTIANA LLADO,Baleares,Término Municipal:,AYUNTAMIENTO DE CAMPOS,0.01
Molino nº 146 - S HORT DE C AS XIRIMIER,Baleares,Término Municipal:,AYUNTAMIENTO DE CAMPOS,0.01
Molino nº 147 - Prop. D' MARIA JAUME,Baleares,Término Municipal:,AYUNTAMIENTO DE CAMPOS,0.01
Molino nº 148 - Cami de ca nº Valls,Baleares,Término Municipal:,AYUNTAMIENTO DE CAMPOS,0.01
Molino nº 149 - D EN MIQUEL CAMPOS,Baleares,Término Municipal:,AYUNTAMIENTO DE CAMPOS,0.01
Molino nº 158 - CAN COLL,Baleares,Término Municipal:,AYUNTAMIENTO DE CAMPOS,0.01
Molino nº 163 - CAN DAMIA,Baleares,Término Municipal:,AYUNTAMIENTO DE CAMPOS,0.01
Molino nº 192 - Cami de Sa Caseta des Tren,Baleares,Término Municipal:,AYUNTAMIENTO DE CAMPOS,0.01
Molino nº 207 - CA NA BEL,Baleares,Término Municipal:,AYUNTAMIENTO DE CAMPOS,0.01
Molino nº 211 - Prop. D. ANTONIO VAQUER,Baleares,Término Municipal:,AYUNTAMIENTO DE CAMPOS,0.01
Molino nº 221 - S HORT D EN FRARE,Baleares,Término Municipal:,AYUNTAMIENTO DE CAMPOS,0.00
Molino nº 243 - Sa Vinya de sa Canova / 2,Baleares,Término Municipal:,AYUNTAMIENTO DE CAMPOS,0.01
Molino nº 250 - FORMATGES BURGUERA,Baleares,Término Municipal:,AYUNTAMIENTO DE CAMPOS,0.01
Molino nº 269 - CAN MONTSERRAT,Baleares,Término Municipal:,AYUNTAMIENTO DE CAMPOS,0.01
Molino nº 298 - D?A. ANGELA CANET,Baleares,Término Municipal:,AYUNTAMIENTO DE CAMPOS,0.01
Molino nº 3 - S'Hort d'en Sirvela,Baleares,Término Municipal:,AYUNTAMIENTO DE CAMPOS,0.01
Molino nº 326 - CAN CORONELL,Baleares,Término Municipal:,AYUNTAMIENTO DE CAMPOS,0.01
Molino nº 331 - CAN VIDAL,Baleares,Término Municipal:,AYUNTAMIENTO DE CAMPOS,0.01
Molino nº 5 - S HORT D EN BROU 2,Baleares,Término Municipal:,AYUNTAMIENTO DE CAMPOS,0.01
Molino nº 6 - S'Hort d'en Rubi,Baleares,Término Municipal:,AYUNTAMIENTO DE CAMPOS,0.01
